"a","m","p","nu_star","nu","ratio","cv"
0.9,10,1,6.59423108643252,8,0.824278885804065,2.72778183915114
0.9,20,1,14.4210324309284,18,0.80116846838491,1.90503628051684
0.9,50,1,37.5261079039136,48,0.781793914664868,1.47550518028391
0.9,30,2,21.0325899432143,27,0.77898481271164,1.69288826613749
0.75,10,1,5.18648829405746,8,0.648311036757182,3.19254454970494
0.75,20,1,10.4466777462353,18,0.58037098590196,2.15947213566759
0.75,50,1,28.8830490246955,48,0.601730188014489,1.56144970070126
0.75,30,2,15.9893150400851,27,0.592196853336486,1.83946556747524
0.5,10,1,3.24997494154713,8,0.406246867693392,4.81883950062497
0.5,20,1,7.09717846402758,18,0.394287692445977,2.61382227373027
0.5,50,1,18.3552005111368,48,0.382400010648683,1.76116644495307
0.5,30,2,11.1730846171795,27,0.413817948784426,2.09912228103633
