"n","p","scenario","rate.0.9","rate.0.75","rate.0.5"
30,1,"H0_clean",0.058,0.052,0.04725
60,1,"H0_clean",0.056,0.0525,0.04475
150,1,"H0_clean",0.04475,0.05625,0.053
90,2,"H0_clean",0.04625,0.049,0.05325
30,1,"H0_outliers",0.26,0.093,0.06875
60,1,"H0_outliers",0.27575,0.08,0.0725
150,1,"H0_outliers",0.2015,0.08275,0.06525
90,2,"H0_outliers",0.2345,0.0825,0.075
30,1,"H0_t5",0.091,0.0675,0.06025
60,1,"H0_t5",0.09025,0.06925,0.06275
150,1,"H0_t5",0.09925,0.07775,0.07175
90,2,"H0_t5",0.086,0.0725,0.06475
30,1,"H1_clean",0.342,0.2595,0.14675
60,1,"H1_clean",0.73375,0.589,0.39025
150,1,"H1_clean",0.99475,0.97425,0.8605
90,2,"H1_clean",0.906,0.7945,0.627
30,1,"H1_outliers",0.4585,0.29875,0.171
60,1,"H1_outliers",0.699,0.5445,0.37925
150,1,"H1_outliers",0.94025,0.95225,0.8255
90,2,"H1_outliers",0.8075,0.75375,0.58775
