"p","n","a005","a01","a025","a05","nu","H_a005","rel_a005","H_a01","rel_a01","H_a025","rel_a025","H_a05","rel_a05"
1,15,126.26341,87.79909,45.0561,27.60258,3,61.1183169356681,1.06588493156482,50.6049157437831,0.734991328600053,45.1267501736986,-0.00156559409721924,27.7582938345199,-0.00560963276230719
1,18,52.08463,36.31233,22.69574,15.8591,4,52.7005066653685,-0.0116863518842253,36.6974446996825,-0.0104943192321471,22.5917404999615,0.00460343018010145,15.4575959759382,0.0259745451159912
1,21,28.26693,20.64017,14.14353,10.52073,5,19.5481625273302,0.446014680944059,14.4888758623918,0.424552891199441,14.7659305991574,-0.0421511258621851,10.7517850486716,-0.0214899244753951
1,24,20.59832,16.44831,11.115,8.5041,6,20.1075620798362,0.0244066345892777,15.5950482513329,0.0547136331299392,11.0227294835766,0.00837093176975046,8.3628426581559,0.0168910677407443
1,27,14.59434,11.88122,8.91588,6.89939,7,15.138368708286,-0.035937076099106,12.0932835579218,-0.0175356475274966,8.88321478643812,0.00367718380644644,6.93990068579238,-0.00583735814480979
1,30,11.83742,10.09423,7.45873,6.0296,8,12.173192476536,-0.0275829431912101,9.93886481307714,0.0156320857406607,7.51465000785159,-0.00744146537671952,6.00176182486869,0.00463833386655876
1,33,10.66923,8.97255,6.68804,5.25288,9,10.2302554116212,0.0429094456312558,8.49393525549747,0.056347821134233,6.56942678653726,0.0180553368378824,5.33847127909227,-0.0160329192792477
1,36,8.8751,7.54594,5.88017,4.89853,10,8.86896491217597,0.000691747896714334,7.46600408622104,0.0107066528300579,5.87935908016642,0.000137926570315416,4.8451346707599,0.0110204014683712
1,39,7.75726,6.52468,5.25504,4.37917,11,NA,NA,NA,NA,5.35095900880362,-0.0179255734618424,4.46373960848111,-0.0189459099093559
1,42,7.05579,5.97229,4.87793,4.17433,12,7.10433772094933,-0.00683353225258054,6.10449244219143,-0.0216565821717961,4.94109897478019,-0.0127843977832894,4.1599843280409,0.00344849182781726
1,45,6.8284,5.80425,4.61567,3.87752,13,6.5012049004549,0.0503283782860329,5.62899649792958,0.0311340577552104,4.6077903598208,0.00171006915763949,3.91218005403633,-0.00885952424417891
1,48,6.04637,5.24611,4.34263,3.71158,14,6.01545520381389,0.00513922806149525,5.24533826914517,0.00014712699452879,4.33309790728519,0.00219983321835104,3.70601124559384,0.00150262749817154
1,51,5.42488,4.78917,4.03399,3.5095,15,5.61573680209381,-0.0339860660888966,4.92668496395296,-0.0279122706158628,4.10271230484041,-0.0167504567062465,3.53165856642938,-0.00627426632914241
1,54,5.20913,4.66924,3.95045,3.37316,16,5.28100074478387,-0.0136093040423938,4.65778136878067,0.00246010499679739,3.90661692702728,0.0112202127291956,3.38216686209514,-0.00266304486513669
1,57,5.07584,4.39199,3.75126,3.26218,17,4.99655917779901,0.0158670836029033,4.4277912624541,-0.00808558044677443,3.73759730716859,0.00365547481672346,3.25247388582887,0.00298422508891405
1,60,4.91888,4.41529,3.6809,3.21289,18,4.75183804156833,0.035153125373889,4.22880068091607,0.0440998129624617,3.59032878090982,0.0252264415369863,3.13880822544435,0.0236018798329618
1,63,4.60046,4.13607,3.45728,3.03399,19,4.53902703248661,0.0135343911974322,4.05489606976147,0.0200187449547384,3.46079752600853,-0.00101639173690427,3.03830282838463,-0.00141948601842345
1,66,4.26853,3.85129,3.30016,2.90729,20,4.3522316644258,-0.0192318954686983,3.90157192148064,-0.0128876059425711,3.34592148984286,-0.0136767972535462,2.94878749212178,-0.0140727306503585
1,69,4.2569,3.81052,3.27415,2.86943,21,4.18692060349219,0.0167138102522033,3.76533712686688,0.011999688636305,3.24329530817548,0.00951337725761392,2.86840263409907,0.000358166558877437
1,72,4.05954,3.59208,3.10878,2.78283,22,4.03955416148449,0.00494753572215068,3.64344608530686,-0.0140982147407124,3.15109043787456,-0.0134272369228171,2.79583321544634,-0.00465092673429335
1,75,3.70838,3.42227,2.99927,2.69555,23,3.9073279716855,-0.0509166297600753,3.53371072577318,-0.0315364596655811,3.06760893665096,-0.0222775908084206,2.72995661954886,-0.0126033576147236
1,78,3.70179,3.35853,2.97739,2.64142,24,3.78799213891167,-0.0227566836863712,3.43436643079257,-0.0220816364010025,2.99171018508461,-0.00478662176436784,2.66985788586083,-0.010651460518343
1,81,3.74602,3.37552,2.96485,2.64695,25,3.67972113433271,0.0180173614377208,3.34397470323332,0.00943347350570067,2.92237715177222,0.0145336642130613,2.6147855461995,0.0123009911261189
1,84,3.56956,3.30285,2.88057,2.57492,26,3.58101857622635,-0.00319980921138541,3.26135138381685,0.012724362173627,2.85876807015376,0.0076263373982175,2.56410756376217,0.00421684191047222
1,87,3.47591,3.14408,2.81917,2.52836,27,3.49064646735795,-0.00422170148015777,3.18551295249794,-0.0130066815347435,2.80018022414562,0.00678162630056045,2.51729864425332,0.00439413725182281
1,90,3.38424,3.09993,2.72559,2.45968,28,3.40757187712314,-0.00684706822467274,3.1156358338454,-0.00504097227114431,2.7460223403489,-0.00744070434121313,2.47391495990451,-0.00575402151457194
1,93,3.39432,3.03578,2.70319,2.43719,29,3.33092626182217,0.0190318647711973,3.05102518935904,-0.00499674319707677,2.69579329871862,0.00274379392696678,2.43357888121273,0.00148387168180575
1,96,3.2339,2.98189,2.64483,2.42006,30,3.25997407049516,-0.00799824475020994,2.99109072187185,-0.00307604239636472,2.64906554070195,-0.00159888105328765,2.39596702322786,0.0100556378859014
1,99,3.13814,2.92046,2.58642,2.33817,31,3.19408826110385,-0.0175161913292009,2.93532772675341,-0.00506509941561162,2.60547201084037,-0.00731230685307604,2.36080079603806,-0.00958606760724756
1,102,3.19575,2.94733,2.61507,2.35495,32,3.13273102010866,0.0201163073008281,2.88330211257618,0.0222064441823659,2.56469444876617,0.0196419309356972,2.32783886781181,0.0116464814481216
1,105,3.14784,2.85861,2.55441,2.30637,33,3.0754384429282,0.0235418651406536,2.83463845651335,0.00845664935913271,2.52646182542416,0.0110621796437174,2.29687110326393,0.00413558110534407
1,108,3.00437,2.75421,2.46306,2.25371,34,3.02180825974592,-0.00577080285940801,2.78901040226643,-0.0124776882288233,2.4905311159802,-0.0110302239566236,2.26771365097953,-0.00617522894633737
1,111,3.01871,2.7889,2.48574,2.24775,35,2.97148992470972,0.0158910433778059,2.7461328826357,0.015573578989831,2.45669206798775,0.0118240020354059,2.24020493311094,0.00336802529873004
1,114,2.86938,2.65158,2.39639,2.19283,36,2.92417655528379,-0.0187391404888918,2.70575577527762,-0.0200224187905722,2.42475960818899,-0.0116999673259059,2.21420234961433,-0.0096523922567654
1,117,2.9053,2.66711,2.3718,2.17723,37,2.87959833175091,0.0089254351781296,2.66765869323707,-0.000205683447611071,2.39457016429955,-0.00950908210543688,2.18957955259983,-0.00564014793852441
1,120,2.82703,2.62406,2.36804,2.17642,38,2.83751705788259,-0.00369585721201304,2.63164668052612,-0.00288286439903396,2.36597861447787,0.000871261265641188,2.16622417880776,0.00470672485885171
1,123,2.71245,2.54256,2.31574,2.12743,39,2.79772165162174,-0.0304789618982682,2.597546634691,-0.021168680460493,2.33885574290529,-0.00988335555769504,2.14403595269153,-0.00774518387655077
1,126,2.76846,2.59044,2.31755,2.14415,40,2.76002438569605,0.00305635499007639,2.56520431713651,0.00983768922222317,2.31308610608448,0.00192984338273194,2.1229250911998,0.00999795465614195
1,129,2.75362,2.57326,2.30363,2.1168,41,2.72425773670706,0.0107780783357285,2.53448184159947,0.015300231299372,2.28856623447176,0.00658218464527627,2.10281095562324,0.00665254493721679
1,132,2.68474,2.50845,2.27773,2.08794,42,2.6902717309995,-0.00205619786869626,2.50525555392295,0.00127509789252578,2.26520310947264,0.00553014008985753,2.08362090690503,0.00207287855514116
1,135,2.5898,2.44216,2.22534,2.06467,43,2.65793169830753,-0.0256333518091945,2.47741423379705,-0.0142302539947117,2.24291286778008,-0.00783484192922279,2.06528932939655,-0.000299875367452573
1,138,2.59686,2.42043,2.2132,2.03357,44,2.62711636199216,-0.011516947794889,2.45085756284829,-0.0124150678152538,2.2216196943784,-0.0037898900517086,2.04775679477215,-0.00692796859879619
1,141,2.67856,2.44024,2.21841,2.03712,45,2.59771620848715,0.0311211021622448,2.42549481414417,0.00607924855985864,2.20125487287952,0.00779333975898733,2.03096934312259,0.00302843413084353
1,144,2.59958,2.40599,2.19223,2.01572,46,2.56963208948893,0.0116545518845181,2.40124372665256,0.00197658958762181,2.18175596766915,0.00480073504372669,2.01487786245968,0.000417959597456274
1,147,2.50972,2.3607,2.17252,2.00988,47,2.54277401904,-0.0129991964651593,2.37802953487853,-0.00728735056665952,2.16306611697007,0.00437059364749093,1.99943755122795,0.00522269313469459
1,150,2.46274,2.34953,2.15516,1.99932,48,2.51706013453269,-0.0215807853723646,2.35578412927752,-0.00265479727102191,2.14513341963094,0.00467410571170412,1.98460745111759,0.00741332945924866
1,153,2.49553,2.33603,2.14287,1.97608,49,2.49241579615441,0.00124947203848991,2.33444532730603,0.000678821934887441,2.12791040143031,0.00703018254886745,1.97035003965077,0.00290809258960012
1,156,2.48068,2.3441,2.1198,1.96261,50,2.46877280370875,0.00482312356704706,2.31395623846296,0.0130269367397626,2.11135354910083,0.00400049101334332,1.95663087378207,0.00305582739087185
1,159,2.45394,2.33282,2.10194,1.95699,51,2.44606871336274,0.00321793357408962,2.2942647094651,0.016805075009801,2.09542290223568,0.00311015869749354,1.94341827719149,0.00698342861533696
1,162,2.39409,2.23372,2.07678,1.92429,52,2.42424623971829,-0.0124394293055782,2.27532283797995,-0.0182843670733281,2.08008169483899,-0.00158729094495969,1.93068306512604,-0.00331129704378819
1,165,2.41556,2.256,2.07762,1.91324,53,2.40325273105738,0.005121088091808,2.25708654523321,-0.000481392809463244,2.06529184738057,0.00596920606405726,1.91839830161926,-0.00268885852062495
1,168,2.43765,2.31882,2.07314,1.92008,54,2.38303970749496,0.0229162327145811,2.23951519931828,0.0354115929670231,2.05103053153932,0.0107796876354089,1.9065390847138,0.00710235389075597
1,171,2.32412,2.19277,2.04358,1.89098,55,2.36356245342278,-0.0166877136526081,2.22257128232996,-0.0134084708854522,2.03726454902285,0.00309996606978569,1.89508235597864,-0.00216473757232671
1,174,2.34782,2.17912,2.00736,1.88473,56,2.34477965691783,0.00129664340664259,2.20622009545349,-0.0122834958802802,2.0239670984136,-0.00820522153083192,1.88400673116231,0.000383899285351541
1,177,2.30863,2.13727,1.99392,1.86821,57,2.3266530899397,-0.00774635892975706,2.19042949708105,-0.0242689833897353,2.01111331722117,-0.00854915388105981,1.87329234928827,-0.00271305719590509
1,180,2.32418,2.19736,1.99469,1.86272,58,2.30914732400501,0.00651005496215862,2.17516966968227,0.0102016548993933,1.99868010797733,-0.00199637148606491,1.86292073788119,-0.000107754386490355
1,183,2.242,2.12867,1.98196,1.85293,59,2.29222947683936,-0.0219129355707516,2.16041291181915,-0.014692983755787,1.98664598281318,-0.00235874073877274,1.85287469234126,2.9849648745639e-05
1,186,2.25343,2.12811,1.97135,1.84504,60,2.27586898613555,-0.00985952454743655,2.14613345219208,-0.00839810412240183,1.97499092426136,-0.00184351442663855,1.84313816775791,0.00103184464157602
1,189,2.25964,2.13323,1.96462,1.84387,61,2.26003740708304,-0.000175840931567417,2.13230728303137,0.000432731706152545,1.96369626033527,0.000470408628559849,1.83369381017242,0.00554955782209854
1,192,2.21974,2.129,1.96656,1.83059,62,2.24470823080184,-0.0111231519799458,2.11891201052275,0.00476092892350177,1.95274455219296,0.00707488738940709,1.82453245899055,0.00332005110657452
1,195,2.23792,2.11875,1.94324,1.8206,63,2.22985672120868,0.00361605241925522,2.10592672026753,0.00608913862436644,1.94211949294113,0.000576950626850703,1.81563852190794,0.00273263539641233
1,198,2.20209,2.09119,1.93279,1.79686,64,2.21545976816419,-0.00603476007838932,2.09333185604098,-0.00102318035948301,1.93180581629474,0.000509463061433513,1.80699971229836,-0.0056113524697069
1,201,2.16078,2.07087,1.92458,1.79648,65,2.20149575501632,-0.0184945871113043,2.0811091103235,-0.00492002570778638,1.92178921398937,0.00145218111867607,1.79860450348776,-0.00118119546772943
1,204,2.14116,2.04648,1.90549,1.79482,66,2.18794443894897,-0.0213828276971444,2.06924132531201,-0.0109998408757748,1.91205626098533,-0.00343413586687624,1.79044207017406,0.00244516697795949
1,207,2.16427,2.05939,1.8949,1.77793,67,2.17478684268659,-0.00483580389588623,2.05771240323726,0.00081527270773929,1.90259434761036,-0.0040441345891844,1.78250223522009,-0.00256506563063552
1,210,2.17585,2.04354,1.88013,1.76864,68,2.16200515631924,0.00640370520869937,2.04650722498581,-0.00144989714650401,1.8933916179007,-0.00700416003499948,1.77477542125088,-0.00345701274505739
1,213,2.17034,2.02917,1.87796,1.75796,69,2.14958264816669,0.00965645673173277,2.03561157614195,-0.00316444267533411,1.8844369134882,-0.00343705509154357,1.76725260655612,-0.00525822201175141
1,216,2.16832,2.03974,1.89101,1.76133,70,2.13750358372256,0.0144170126834469,2.02501207967301,0.00727300368962402,1.87571972245917,0.00815168564778013,1.75992528485497,0.000798167488767376
1,219,2.1091,2.01244,1.86257,1.74603,71,2.12575315182794,-0.00783400076985641,2.01469613456292,-0.00111983863184895,1.86723013267224,-0.00249574628788563,1.75278542853121,-0.00385411038980843
1,222,2.08356,1.99551,1.85293,1.74546,72,2.1143173973338,-0.0145471996648106,2.00465185979026,-0.00456032290375541,1.85895878909173,-0.0032430999154508,1.74582545499562,-0.000209330775064021
1,225,2.07232,1.97321,1.8603,1.75116,73,2.1031831596051,-0.0146744992057161,1.99486804312201,-0.0108568800812067,1.85089685473478,0.00508031835548328,1.73903819586507,0.00697040706969898
1,228,2.07204,1.96977,1.84125,1.73193,74,2.0923380162641,-0.00970111717433586,1.98533409423094,-0.00783953404929072,1.84303597487824,-0.00096903961864292,1.7324168686878,-0.000281034372613398
1,231,2.07229,1.95783,1.82818,1.72649,75,2.08177023167799,-0.00455392796656151,1.97604000173084,-0.00921540136580656,1.83536824421427,-0.00391651334108822,1.72595505097176,0.000309943777469179
1,234,2.06588,1.97656,1.82282,1.71999,76,2.07146870971371,-0.00269794551445757,1.96697629373856,0.0048723038970746,1.82788617666992,-0.00277160401702303,1.71964665629721,0.00019965944837308
1,237,2.0284,1.94744,1.82231,1.71501,77,2.06142295036195,-0.0160194929216982,1.9581340016391,-0.0054613226827922,1.82058267764406,0.000948774464984314,1.71348591232239,0.000889466126711591
1,240,2.06428,1.94926,1.82331,1.7118,78,2.05162300985537,0.00616925725819573,1.94950462674164,-0.000125481488107537,1.81345101843571,0.00543658552895243,1.70746734050628,0.00253747722778641
1,243,1.98846,1.88721,1.78709,1.69531,79,2.04205946397151,-0.0262477488619589,1.94108010957736,-0.0277526462259648,1.80648481266561,-0.010736216839263,1.70158573739623,-0.0036881699571778
1,246,2.04693,1.9469,1.8056,1.69384,80,2.03272337420847,0.00698896169138497,1.93285280157732,0.00726759865584148,1.79967799451009,0.00329059171028323,1.6958361573373,-0.00117709327558746
1,249,2.04134,1.94944,1.80177,1.68694,81,2.02360625658804,0.00876343574953276,1.9248154389329,0.0127932063350218,1.79302479858669,0.00487734548914642,1.69021389648183,-0.0019369716984633
1,252,2.02532,1.91708,1.78091,1.68309,82,2.01470005283911,0.00527122990140505,1.9169611184341,6.20156375390479e-05,1.7865197413451,-0.0031400388225612,1.68471447798202,-0.000964245279098108
1,255,2.00878,1.9279,1.79162,1.67663,83,2.00599710376626,0.00138728826104439,1.90928327512153,0.00975063528866915,1.78015760383648,0.00643897828979667,1.67933363826832,-0.00160994706870954
1,258,1.9942,1.91862,1.7971,1.68007,84,1.99749012459441,-0.00164712934191846,1.9017756615877,0.00885716372994327,1.77393341573846,0.0130594440896199,1.67406731431794,0.00358568955424698
1,261,1.9961,1.88052,1.77012,1.6655,85,1.98917218213309,0.00348276430222194,1.89443232878488,-0.00734379823099951,1.76784244053312,0.00128832718044558,1.66891163183286,-0.00204422557059525
1,264,1.96461,1.89163,1.77263,1.65938,86,1.98103667359923,-0.0082919583560197,1.88724760822562,0.00232210747295625,1.76188016174084,0.00610134474102986,1.66386289425065,-0.00269426902068859
1,267,1.96603,1.86097,1.74913,1.65574,87,1.97307730696439,-0.00357173382893516,1.88021609544438,-0.0102361082276746,1.75604227012188,-0.00393627775338046,1.65891757252159,-0.00191544931118226
1,270,1.96066,1.87128,1.748,1.65495,88,1.96528808269356,-0.00235491312155078,1.87333263462463,-0.00109571284175358,1.75032465176878,-0.00132812605160271,1.65407229558852,0.000530632435971068
1,273,1.92675,1.86336,1.76305,1.65936,89,1.9576632767593,-0.0157909059879161,1.866592304295,-0.00173166057074126,1.7447233770153,0.0105040278740658,1.64932384151433,0.00608501389057481
1,276,1.94023,1.8513,1.74709,1.64623,90,1.95019742484169,-0.00511098246501862,1.85999040400429,-0.00467228432231648,1.73923469009915,0.00451653244129058,1.64466912920576,0.000949048514695461
1,279,1.95933,1.85304,1.73316,1.64213,91,1.94288530760503,0.00846405720944809,1.85352244190887,-0.000260283823903418,1.73385499951833,-0.000400840623077325,1.6401052106879,0.00123454842951576
1,282,1.92542,1.85406,1.72032,1.62938,92,1.93572193696696,-0.00532201282127642,1.84718412318489,0.00372235595185377,1.72858086902664,-0.00477898903930907,1.63562926388431,-0.0038207092660274
1,285,1.91883,1.83197,1.7216,1.63254,93,1.92870254329356,-0.00511874852236149,1.84097133921471,-0.00488945103216321,1.72340900921973,-0.00104966912094151,1.63123858586776,0.00079780734928625
1,288,1.93987,1.85478,1.72395,1.62932,94,1.92182256343963,0.00939079231542927,1.83488015748219,0.0108453091264109,1.71833626966798,0.00326695678320332,1.62693058654384,0.00146866343034358
1,291,1.89453,1.82628,1.72114,1.62864,95,1.91507762956405,-0.0107293977261519,1.82890681211954,-0.00143627444664596,1.71335963155155,0.00454100137833113,1.62270278273501,0.00365884456978738
1,294,1.91427,1.8375,1.73135,1.63347,96,1.90846355867663,0.00304246905683625,1.82304769506498,0.00792755174433313,1.70847620076442,0.01338842134608,1.61855279263716,0.00921638603986241
1,297,1.91088,1.80543,1.70265,1.60439,97,1.90197634284812,0.004681265981755,1.81729934777907,-0.00653131130739293,1.70368320145002,-0.00060645162735451,1.61447833061998,-0.00624866275914016
1,300,1.91416,1.83351,1.70601,1.61214,98,1.89561214004617,0.0097846281747167,1.81165845348328,0.0120616258957127,1.69897796993901,0.00413897659970286,1.61047720234773,0.00103248754458685
1,303,1.87544,1.80095,1.6937,1.6083,99,1.88936726553814,-0.00737139136057297,1.80612182987807,-0.0028635000100854,1.69435794905836,-0.000388317627170065,1.60654730019604,0.00109097304744776
1,306,1.88757,1.80224,1.69468,1.60337,100,1.88323818382616,0.0023001955945039,1.80068642230922,0.00086276970355792,1.68982068278582,0.00287564074915059,1.60268659894436,0.000426409664924909
1,309,1.87775,1.80297,1.6874,1.60244,101,1.87722150108735,0.000281532526843264,1.79534929735153,0.00424469080179213,1.68536381122821,0.00120815978023825,1.59889315172656,0.00221831475706491
1,312,1.86462,1.77738,1.6731,1.59086,102,1.87131395805168,-0.00357714322755864,1.79010763677275,-0.00710998406536678,1.68098506589407,-0.00469074119339419,1.59516508621754,-0.00269883428037632
1,315,1.85723,1.77833,1.67465,1.58632,103,1.86551242333196,-0.00443975779971617,1.78495873186647,-0.00371366113295934,1.67668226524996,-0.00121207535385837,1.59150060104532,-0.00325516750789878
1,318,1.83795,1.77573,1.67395,1.59273,104,1.85981388713165,-0.0117559543365751,1.77989997811059,-0.00234281597947616,1.67245331053198,0.000894906577419974,1.5878979624083,0.00304304036284986
1,321,1.83731,1.75817,1.66374,1.57891,105,1.85421545532746,-0.00911730903703323,1.77492887014053,-0.00944199535117107,1.6682961818001,-0.00273103891851334,1.58435550088656,-0.00343704483211871
1,324,1.84373,1.78098,1.6749,1.58845,106,1.84871434390318,-0.00269611360977251,1.77004299701446,0.00617894763234128,1.66420893421897,0.00642411271878252,1.58087160843422,0.00479380585074041
1,327,1.85908,1.77642,1.67313,1.58605,107,1.84330787369245,0.00855642539841095,1.7652400377459,0.00633339490099871,1.66018969454746,0.00779447402609357,1.57744473553973,0.00545519235406222
1,330,1.83407,1.76278,1.65628,1.57604,108,1.83799346543418,-0.00213464601913282,1.76051775709376,0.00128498726986437,1.65623665782684,2.61690700731343e-05,1.57407338854394,0.00124937723385088
1,333,1.81664,1.74659,1.64531,1.56909,109,1.83276863509741,-0.00880014792295603,1.75587400158412,-0.00528739623443708,1.65234808425087,-0.00425944407110612,1.57075612710674,-0.00106071660520024
1,336,1.82219,1.74916,1.64294,1.55966,110,1.82763098947494,-0.00297707223519317,1.75130669575675,-0.00122576802906504,1.64852229620955,-0.00338624246841457,1.56749156181019,-0.00499623857696674
1,339,1.80708,1.72791,1.63564,1.56158,111,1.82257822201261,-0.00850346055133511,1.74681383861385,-0.010821896527252,1.6447576754919,-0.00554347648152864,1.56427835189143,-0.00172498193059412
1,342,1.83484,1.75784,1.64694,1.5538,112,1.81760810888121,0.00948053160337059,1.74239350026902,0.00886510408159524,1.64105266064254,0.00358753835185266,1.56111520309786,-0.00468588294018468
1,345,1.8426,1.75044,1.64196,1.56087,113,1.81271850524465,0.016484354668908,1.73804381876827,0.00713226047460269,1.63740574445552,0.00278138485827562,1.55800086565399,0.00184154862122421
1,348,1.80131,1.72672,1.63222,1.55944,114,1.80790734174836,-0.00364915922183084,1.73376299709114,-0.00406226058749459,1.63381547160542,-0.00097653109126894,1.55493413233709,0.00289778683817055
1,351,1.7838,1.71735,1.63153,1.54944,115,1.80317262117792,-0.0107436309482483,1.72954930030224,-0.00705345623863418,1.63028043639864,0.000766471567382965,1.5519138366513,-0.00159405541266244
1,354,1.81621,1.7409,1.63457,1.55827,116,1.79851241530529,0.00984012372897736,1.72540105285658,0.00898280844199206,1.62679928064404,0.00477669215152421,1.54893885109654,0.00602422032145356
1,357,1.80664,1.73397,1.63642,1.55248,117,1.79392486189793,0.00708788777731373,1.72131663604652,0.00735097987697575,1.62337069163275,0.008038403326182,1.54600808552594,0.00418620997823549
1,360,1.77452,1.71234,1.62085,1.54069,118,1.78942619699509,-0.00833015467199594,1.71729448557475,-0.002885052980937,1.61999340022039,0.000528767450222789,1.54312048558577,-0.00157504589464819
1,363,1.76155,1.70192,1.62116,1.54389,119,1.78496391920922,-0.0131173067182159,1.71333308925922,-0.00666133709245942,1.61666617900769,0.00277968392650285,1.54027503123475,0.00234696316692951
1,366,1.76474,1.69514,1.61072,1.53306,120,1.78056946522155,-0.00889011382635496,1.70943098484673,-0.00836008295942292,1.61338784061061,-0.00165356434668618,1.53747073533576,-0.0028688255551067
1,369,1.76988,1.70441,1.61133,1.53826,121,1.7762411988959,-0.00358126976215412,1.70560477735413,-0.00070050070801575,1.61015723601945,0.000728353700073292,1.53470847108871,0.00231413912035983
1,372,1.77351,1.70562,1.6108,1.5327,122,1.77197753762121,0.000864831718379255,1.70180968059303,0.00223898092155883,1.60697325303474,0.00238133830668019,1.53198178726771,0.000468812839849342
1,375,1.76098,1.69851,1.6085,1.53364,123,1.76782858840217,-0.0038740115682584,1.69806995951208,0.000259141553889952,1.60383481478295,0.00290876914134008,1.52929353771739,0.00284213734996697
1,378,1.77386,1.70877,1.60653,1.53057,124,1.7637024427155,0.00575922391356332,1.69438432661613,0.00849020683081747,1.60075408220825,0.00360824804755788,1.52664285248985,0.00257240749121124
1,381,1.74824,1.68889,1.58802,1.52071,125,1.75963611569133,-0.00647640474624422,1.69076190490866,-0.00110713690865027,1.59770034164172,-0.00605892193261814,1.52402888852756,-0.00217770709764475
1,384,1.74925,1.69183,1.59707,1.52259,126,1.75562822725557,-0.00363301703432906,1.68718739205076,0.00275168482832133,1.59468920049155,0.00149295518381343,1.52145782979399,0.000744135120831713
1,387,1.76512,1.69142,1.59795,1.52002,127,1.75167744061277,0.00767410658809586,1.68366317154182,0.00460711417182047,1.59171970718205,0.00391418965904355,1.51891650190357,0.000726503461545569
1,390,1.75803,1.69662,1.60306,1.52263,128,1.74778246052643,0.00586316644376961,1.68018811391159,0.00977978950830272,1.58879093912142,0.00898108147977683,1.51640947219223,0.00410214254252872
1,393,1.73002,1.66684,1.58157,1.51058,129,1.74394203170665,-0.00798308169281359,1.67676112422666,-0.00591683817290289,1.58590442846518,-0.00273309563135105,1.51393599656961,-0.00221673609532691
1,396,1.76784,1.68761,1.58411,1.51902,130,1.74015493725464,0.0159095389454433,1.67338114075832,0.00850305940177698,1.58305733780093,0.000664955193939276,1.51149535301139,0.00497827993557731
1,399,1.71446,1.65846,1.57276,1.50404,131,1.73641999718755,-0.012646708298178,1.67004713371614,-0.00693820760037833,1.58024829236452,-0.00473868087736662,1.50908684073337,-0.00334430106812966
1,402,1.71924,1.65575,1.57677,1.5091,132,1.73273606702439,-0.00778887637952119,1.66675810403468,-0.00660450008194458,1.57747647702372,-0.00044785265201408,1.50670977940233,0.00158638420639523
1,405,1.72185,1.66966,1.57278,1.50412,133,1.72910203645603,-0.00419410555486854,1.66351308222741,0.00369514242975222,1.57474110048791,-0.00124534787801045,1.50436350838372,-0.000161868047427016
1,408,1.73625,1.6599,1.57181,1.49471,134,1.72551682804793,0.00622026501138873,1.66031112727513,-0.000247620622652822,1.57204139442612,-0.000147193596135575,1.50204738602076,-0.00488492313161959
1,411,1.71059,1.64699,1.56625,1.49537,135,1.72197939601811,-0.00661413025292279,1.65715132557629,-0.00613180306436989,1.56937661262714,-0.00199226406331177,1.49976078894559,-0.00292765951607499
1,414,1.72068,1.64575,1.57414,1.49978,136,1.7184887250734,0.0012751174299992,1.65403278994301,-0.0050076334600907,1.56674603019781,0.00471931612378462,1.49750311142211,0.00152045665917311
1,417,1.68775,1.64502,1.55936,1.4965,137,1.71504382928253,-0.0159143625466087,1.65095465863526,-0.0035946829940019,1.56414894279287,-0.00306169231193754,1.49527376471511,0.000820074098690782
1,420,1.7195,1.65489,1.5656,1.50227,138,1.71164375101271,0.00458988558959028,1.64791609444412,0.00423195427205747,1.56158466588161,0.00257132015069028,1.49307217648834,0.00616033414626771
1,423,1.69888,1.64741,1.55932,1.49229,139,1.70828755990462,-0.00550701189040059,1.64491628380988,0.00151601404561563,1.55905253404339,0.000171556731263012,1.49089779022705,0.000933806315951413
1,426,1.71251,1.64965,1.5574,1.49561,140,1.70497435189759,0.00441980144394449,1.64195443598258,0.00468683164938977,1.55655190029584,0.000544857967148538,1.48875006468601,0.00460784887719545
1,429,1.69602,1.63083,1.54853,1.48876,141,1.70170324828638,-0.00333974110474655,1.63902978221173,-0.00500282685569187,1.55408213544789,-0.00357261390582397,1.48662847335912,0.00143379914960606
1,432,1.69546,1.63275,1.54518,1.47783,142,1.69847339483613,-0.00177417841533034,1.63614157498059,-0.00207291045741764,1.55164262748503,-0.00416502316355327,1.48453250397373,-0.00451489203220123
1,435,1.69105,1.63948,1.54747,1.47823,143,1.6952839609166,-0.00249749364366791,1.63328908726309,0.00379045741821682,1.54923278097561,-0.00113784125746508,1.48246165800337,-0.00285448057325477
1,438,1.70521,1.63331,1.54942,1.48051,144,1.69213413867952,0.00772743780861185,1.63047161181477,0.00174083876386799,1.54685201650319,0.00166013520971187,1.48041545020161,6.38670708119626e-05
1,441,1.69029,1.64211,1.54477,1.47797,145,1.68902314227845,0.000750053501247461,1.62768846049771,0.00886013500266425,1.54449977012492,0.000174962716285476,1.47839340815555,-0.000286397486093826
1,444,1.679,1.62451,1.53967,1.47744,146,1.68595020710838,-0.00412242726925094,1.62493896362768,-0.000263987532631127,1.54217549284797,-0.00162464833580311,1.47639507185649,0.000707756455863295
1,447,1.6813,1.63177,1.54418,1.47496,147,1.68291458908361,-0.000959400491318818,1.62222246934958,0.00588546320299166,1.53987865012947,0.002793304440039,1.47441999328808,0.000366250264087542
1,450,1.67799,1.61617,1.5389,1.47138,148,1.67991556394686,-0.00114622662482922,1.61953834304096,-0.00207981679188651,1.53760872139701,0.000839796617320809,1.47246773603154,-0.000738716377225557
1,453,1.68065,1.61649,1.53402,1.46837,149,1.67695242659713,0.0022049363739971,1.61688596673444,-0.000244894657126182,1.53536519958626,-0.000876143074376112,1.47053787488543,-0.00147420540636933
1,456,1.64678,1.60624,1.52119,1.46012,150,1.67402449045707,-0.0162748458056525,1.61426473856871,-0.00497114158351808,1.53625356415792,-0.00980538923349683,1.46862999550167,-0.00579451293228095
1,459,1.67223,1.60799,1.51653,1.46122,151,1.67113108685916,0.000657586439196889,1.61167407225944,-0.0022858668032546,1.5309554133793,-0.00942249085324731,1.4667436940354,-0.00376595724110629
1,462,1.65396,1.6048,1.52796,1.46224,152,1.66827156445057,-0.00857867792962008,1.60911339658678,-0.00268060448439134,1.52878819850077,-0.000541735278688282,1.46487857680704,-0.0018012256092873
1,465,1.66927,1.62012,1.53442,1.46386,153,1.66544528863683,0.0022965097618437,1.60658215491226,0.00842648789938982,1.52664548877851,0.00509254524290892,1.46303425998063,0.000564402380691442
1,468,1.65471,1.59312,1.52511,1.46638,154,1.66265164103258,-0.00477649126046054,1.60407980470543,-0.00683245601202942,1.52452683838899,0.000382519740765641,1.46121036925096,0.00353790998053616
1,471,1.65667,1.59085,1.51777,1.45962,155,1.65989001893933,-0.00193989897077107,1.60160581709307,-0.00671564562158822,1.52243181260725,-0.00306208302312494,1.45940653954465,0.000146265245197341
1,474,1.64594,1.59232,1.51867,1.45433,156,1.6571598348487,-0.00677052062978922,1.59915967642791,-0.00427704408054186,1.52035998745903,-0.00111157059707401,1.45762241473269,-0.00225875693143374
1,477,1.67216,1.61225,1.52651,1.45768,157,1.65446051595475,0.0106980395570462,1.59674087986816,0.00971298494788697,1.51831094938351,0.00540011294776077,1.45585764735257,0.00125173821131641
1,480,1.64636,1.59156,1.51956,1.45297,158,1.65179150368775,-0.00328825016693779,1.59434893697551,-0.00174926385989482,1.51628429490961,0.00216035020700978,1.45411189834124,-0.000785289180659232
1,483,1.64303,1.59807,1.51581,1.44816,159,1.64915225328014,-0.00371236389360574,1.591983369335,0.00382330040767864,1.51427963034771,0.00101062552887887,1.45238483677958,-0.00290889623231672
1,486,1.64903,1.58762,1.5118,1.45288,160,1.64654223331911,0.0015109036564902,1.58964371017368,-0.00127305896329089,1.51229657148596,-0.000328355889524623,1.45067613964297,0.0015191952888729
1,489,1.64535,1.59467,1.51565,1.45085,161,NA,NA,NA,NA,NA,NA,NA,NA
1,492,1.65109,1.58704,1.50458,1.44427,162,NA,NA,NA,NA,NA,NA,NA,NA
1,495,1.62769,1.58041,1.51437,1.4457,163,NA,NA,NA,NA,NA,NA,NA,NA
1,498,1.61663,1.55966,1.49564,1.43492,164,NA,NA,NA,NA,NA,NA,NA,NA
1,501,1.66421,1.59917,1.50278,1.44072,165,NA,NA,NA,NA,NA,NA,NA,NA
1,504,1.62154,1.56987,1.5034,1.44417,166,NA,NA,NA,NA,NA,NA,NA,NA
1,507,1.6243,1.5736,1.50223,1.4432,167,NA,NA,NA,NA,NA,NA,NA,NA
1,510,1.62487,1.56569,1.49709,1.43512,168,NA,NA,NA,NA,NA,NA,NA,NA
1,513,1.63137,1.57817,1.49487,1.43713,169,NA,NA,NA,NA,NA,NA,NA,NA
1,516,1.62632,1.57081,1.49209,1.43264,170,NA,NA,NA,NA,NA,NA,NA,NA
1,519,1.62038,1.57022,1.49903,1.43151,171,NA,NA,NA,NA,NA,NA,NA,NA
1,522,1.61195,1.56308,1.49007,1.43063,172,NA,NA,NA,NA,NA,NA,NA,NA
1,525,1.6148,1.56331,1.49294,1.43315,173,NA,NA,NA,NA,NA,NA,NA,NA
1,528,1.60205,1.56123,1.48423,1.42896,174,NA,NA,NA,NA,NA,NA,NA,NA
1,531,1.59358,1.5506,1.48524,1.42712,175,NA,NA,NA,NA,NA,NA,NA,NA
1,534,1.60469,1.55652,1.48073,1.42413,176,NA,NA,NA,NA,NA,NA,NA,NA
1,537,1.59785,1.54932,1.48722,1.42535,177,NA,NA,NA,NA,NA,NA,NA,NA
1,540,1.60081,1.54671,1.48054,1.42021,178,NA,NA,NA,NA,NA,NA,NA,NA
1,543,1.59681,1.54941,1.48023,1.42684,179,NA,NA,NA,NA,NA,NA,NA,NA
1,546,1.60412,1.55071,1.48265,1.42322,180,NA,NA,NA,NA,NA,NA,NA,NA
1,549,1.58399,1.52998,1.47327,1.41896,181,NA,NA,NA,NA,NA,NA,NA,NA
1,552,1.6205,1.55436,1.47779,1.41431,182,NA,NA,NA,NA,NA,NA,NA,NA
1,555,1.58019,1.53607,1.46172,1.40348,183,NA,NA,NA,NA,NA,NA,NA,NA
1,558,1.57902,1.53637,1.46767,1.41255,184,NA,NA,NA,NA,NA,NA,NA,NA
1,561,1.58085,1.53223,1.46276,1.41374,185,NA,NA,NA,NA,NA,NA,NA,NA
1,564,1.57345,1.52627,1.46386,1.4126,186,NA,NA,NA,NA,NA,NA,NA,NA
1,567,1.57981,1.53258,1.46246,1.40631,187,NA,NA,NA,NA,NA,NA,NA,NA
1,570,1.57754,1.53091,1.46704,1.41253,188,NA,NA,NA,NA,NA,NA,NA,NA
1,573,1.5584,1.5321,1.4617,1.40361,189,NA,NA,NA,NA,NA,NA,NA,NA
1,576,1.58923,1.53131,1.46207,1.41092,190,NA,NA,NA,NA,NA,NA,NA,NA
1,579,1.57212,1.53215,1.4642,1.40462,191,NA,NA,NA,NA,NA,NA,NA,NA
1,582,1.58158,1.52219,1.45558,1.40037,192,NA,NA,NA,NA,NA,NA,NA,NA
1,585,1.58303,1.53692,1.46167,1.40503,193,NA,NA,NA,NA,NA,NA,NA,NA
1,588,1.57739,1.51561,1.45061,1.40156,194,NA,NA,NA,NA,NA,NA,NA,NA
1,591,1.57649,1.52566,1.46038,1.40603,195,NA,NA,NA,NA,NA,NA,NA,NA
1,594,1.55924,1.51056,1.44502,1.39774,196,NA,NA,NA,NA,NA,NA,NA,NA
1,597,1.55846,1.52251,1.45582,1.40081,197,NA,NA,NA,NA,NA,NA,NA,NA
1,600,1.56994,1.51818,1.45599,1.40039,198,NA,NA,NA,NA,NA,NA,NA,NA
2,21,54.49239,37.25755,22.46268,16.14035,4,52.7005066653685,0.0340012544093635,36.6974446996825,0.0152627875019951,22.5917404999615,-0.00571272939159684,15.4575959759382,0.0441694830893866
2,24,29.57817,22.00712,14.46497,10.75822,5,19.5481625273302,0.513092085184318,14.4888758623918,0.518897684610788,14.7659305991574,-0.0203820949269901,10.7517850486716,0.000598500741898489
2,27,20.16222,15.5676,11.00473,8.29035,6,20.1075620798362,0.00271827683270431,15.5950482513329,-0.00176006196906309,11.0227294835766,-0.0016329425124133,8.3628426581559,-0.00866842306129045
2,30,15.4767,11.99312,9.1602,7.02176,7,15.138368708286,0.0223492569267925,12.0932835579218,-0.00828257746889383,8.88321478643812,0.031180740331163,6.93990068579238,0.0117954590294358
2,33,12.60998,10.51805,7.68447,5.98219,8,12.173192476536,0.0358810989233891,9.93886481307714,0.0582747826653995,7.51465000785159,0.0225985231475814,6.00176182486869,-0.00326101325574024
2,36,9.86432,8.05321,6.46471,5.22158,9,10.2302554116212,-0.0357699194103691,8.49393525549747,-0.0518870514361673,6.56942678653726,-0.0159400188083164,5.33847127909227,-0.021896020973282
2,39,8.64805,7.47005,5.81441,4.82435,10,8.86896491217597,-0.024908759293058,7.46600408622104,0.000541911540931084,5.87935908016642,-0.0110469660520517,4.8451346707599,-0.00428980248688149
2,42,8.18466,6.86745,5.38799,4.53242,11,NA,NA,NA,NA,5.35095900880362,0.00692044008101322,4.46373960848111,0.015386289869687
2,45,7.16669,6.19057,4.95671,4.12877,12,7.10433772094933,0.00877664906987796,6.10449244219143,0.0141006903724943,4.94109897478019,0.00315942370300348,4.1599843280409,-0.00750347250841765
2,48,6.38383,5.48865,4.53636,3.8965,13,6.5012049004549,-0.0180543302744824,5.62899649792958,-0.0249327740710452,4.6077903598208,-0.0155020854341947,3.91218005403633,-0.00400800929909917
2,51,6.62349,5.4309,4.44139,3.76091,14,6.01545520381389,0.10107876720628,5.24533826914517,0.0353765041134453,4.33309790728519,0.0249918407181025,3.70601124559384,0.0148134343821629
2,54,5.57432,4.91107,4.16881,3.61641,15,5.61573680209381,-0.00737513233853249,4.92668496395296,-0.00316946670371809,4.10271230484041,0.0161107312061834,3.53165856642938,0.0239976294357105
2,57,5.34741,4.6332,3.90722,3.3954,16,5.28100074478387,0.0125751270309367,4.65778136878067,-0.00527748445760734,3.90661692702728,0.000154372180325657,3.38216686209514,0.00391262124088843
2,60,5.25463,4.59404,3.73917,3.26793,17,4.99655917779901,0.0516497079325438,4.4277912624541,0.0375466519742305,3.73759730716859,0.000420776424574276,3.25247388582887,0.00475211015174359
2,63,4.81536,4.26182,3.58387,3.11355,18,4.75183804156833,0.0133678711008218,4.22880068091607,0.00780819943416589,3.59032878090982,-0.00179893856633995,3.13880822544435,-0.0080470750776036
2,66,4.75929,4.23184,3.51297,3.03601,19,4.53902703248661,0.0485264718489078,4.05489606976147,0.0436371061537304,3.46079752600853,0.0150752748750484,3.03830282838463,-0.000754641164537162
2,69,4.24035,3.87142,3.31779,2.92712,20,4.3522316644258,-0.0257067346254318,3.90157192148064,-0.00772814703597724,3.34592148984286,-0.00840769573591682,2.94878749212178,-0.00734793272816869
2,72,4.23438,3.76486,3.23365,2.84393,21,4.18692060349219,0.0113351555957915,3.76533712686688,-0.000126715577065784,3.24329530817548,-0.0029739222793449,2.86840263409907,-0.0085317987817134
2,75,3.98256,3.56147,3.13103,2.77372,22,4.03955416148449,-0.014109022730258,3.64344608530686,-0.0224996015825386,3.15109043787456,-0.00636618918754228,2.79583321544634,-0.00790934713994185
2,78,3.9189,3.57898,3.0478,2.73205,23,3.9073279716855,0.00296162195709204,3.53371072577318,0.012810690444085,3.06760893665096,-0.00645745173522372,2.72995661954886,0.000766818211012321
2,81,3.81982,3.46074,3.01077,2.69819,24,3.78799213891167,0.00840230389112451,3.43436643079257,0.00767931137777378,2.99171018508461,0.00637087609970277,2.66985788586083,0.0106118435326499
2,84,3.61769,3.33848,2.95019,2.62267,25,3.67972113433271,-0.0168575639479692,3.34397470323332,-0.00164316531103015,2.92237715177222,0.00951720013650981,2.6147855461995,0.0030153347803088
2,87,3.6846,3.32517,2.92536,2.60792,26,3.58101857622635,0.0289251288617447,3.26135138381685,0.0195681509511119,2.85876807015376,0.0232939252895257,2.56410756376217,0.0170868168157297
2,90,3.41514,3.1653,2.79641,2.53854,27,3.49064646735795,-0.0216310841169494,3.18551295249794,-0.00634527399491236,2.80018022414562,-0.00134642195995627,2.51729864425332,0.0084381548431558
2,93,3.35017,3.08671,2.77417,2.50243,28,3.40757187712314,-0.016845389970644,3.1156358338454,-0.00928408690488614,2.7460223403489,0.010250338912946,2.47391495990451,0.0115262814436388
2,96,3.37679,3.07247,2.71983,2.45249,29,3.33092626182217,0.0137690643901376,3.05102518935904,0.00702872290787782,2.69579329871862,0.0089163740012288,2.43357888121273,0.00777090848924855
2,99,3.26853,3.01769,2.65737,2.39256,30,3.25997407049516,0.00262453912817229,2.99109072187185,0.00889283562469245,2.64906554070195,0.00313486366058502,2.39596702322786,-0.0014219825209737
2,102,3.22759,2.94139,2.59765,2.36103,31,3.19408826110385,0.0104886703677289,2.93532772675341,0.00206527986341687,2.60547201084037,-0.00300214732985871,2.36080079603806,9.70873791299454e-05
2,105,3.12815,2.83996,2.53005,2.30394,32,3.13273102010866,-0.00146230879039799,2.88330211257618,-0.0150321093260164,2.56469444876617,-0.0135082168493152,2.32783886781181,-0.0102665472865304
2,108,2.98886,2.78695,2.50474,2.28154,33,3.0754384429282,-0.028151577257963,2.83463845651335,-0.0168234705218847,2.52646182542416,-0.00859772556449245,2.29687110326393,-0.00667477737089572
2,111,3.01205,2.82448,2.49654,2.27741,34,3.02180825974592,-0.00322927826888175,2.78901040226643,0.0127176283404145,2.4905311159802,0.00241269180747961,2.26771365097953,0.00427582601369392
2,114,2.91053,2.70792,2.42724,2.23055,35,2.97148992470972,-0.0205149356902766,2.7461328826357,-0.0139151615267155,2.45669206798775,-0.0119885061589633,2.24020493311094,-0.00430984369699383
2,117,2.9174,2.73232,2.43084,2.22255,36,2.92417655528379,-0.00231742343722086,2.70575577527762,0.00981767274234358,2.42475960818899,0.0025076266490407,2.21420234961433,0.00377004856269125
2,120,2.92426,2.69987,2.40639,2.18472,37,2.87959833175091,0.0155096868048041,2.66765869323707,0.0120747481094887,2.39457016429955,0.00493609912821391,2.18957955259983,-0.00221939988161712
2,123,2.84077,2.64753,2.37204,2.16186,38,2.83751705788259,0.00114640442720093,2.63164668052612,0.00603550605459691,2.36597861447787,0.00256189362196224,2.16622417880776,-0.00201464781459593
2,126,2.87588,2.62171,2.32968,2.1262,39,2.79772165162174,0.0279364276045673,2.597546634691,0.00930237978648329,2.33885574290529,-0.00392317608006543,2.14403595269153,-0.00831886828629957
2,129,2.76411,2.60312,2.32717,2.13179,40,2.76002438569605,0.0014802819587858,2.56520431713651,0.0147807652631033,2.31308610608448,0.00608878929256851,2.1229250911998,0.00417579915417154
2,132,2.77758,2.56342,2.30017,2.09882,41,2.72425773670706,0.0195731345733079,2.53448184159947,0.0114177809150402,2.28856623447176,0.00507032103919691,2.10281095562324,-0.0018979146045307
2,135,2.66352,2.46365,2.23964,2.07428,42,2.6902717309995,-0.00994387692932275,2.50525555392295,-0.016607309325312,2.26520310947264,-0.0112851290755056,2.08362090690503,-0.00448301649982386
2,138,2.71242,2.47707,2.2642,2.07115,43,2.65793169830753,0.020500264068926,2.47741423379705,-0.000138948825089358,2.24291286778008,0.00949084225505037,2.06528932939655,0.00283769955135704
2,141,2.62666,2.46439,2.21534,2.03782,44,2.62711636199216,-0.000173712135010384,2.45085756284829,0.00552151106487941,2.2216196943784,-0.00282662887545282,2.04775679477215,-0.00485252682228743
2,144,2.63272,2.4531,2.20287,2.03895,45,2.59771620848715,0.0134748327775316,2.42549481414417,0.0113812594835709,2.20125487287952,0.000733730173809288,2.03096934312259,0.00392948170509499
2,147,2.53822,2.39272,2.17223,2.01474,46,2.56963208948893,-0.0122243529014989,2.40124372665256,-0.00354971324149533,2.18175596766915,-0.00436619301622809,2.01487786245968,-6.8422241492172e-05
2,150,2.51988,2.35877,2.15842,2.00111,47,2.54277401904,-0.00900356023326332,2.37802953487853,-0.00809894687851898,2.16306611697007,-0.00214793109356071,1.99943755122795,0.000836459618867247
2,153,2.53163,2.37812,2.16664,1.98387,48,2.51706013453269,0.00578844552318158,2.35578412927752,0.00948128924246006,2.14513341963094,0.0100257541895761,1.98460745111759,-0.000371585381869988
2,156,2.42503,2.31399,2.11405,1.96656,49,2.49241579615441,-0.0270363381015259,2.33444532730603,-0.00876239296194381,2.12791040143031,-0.00651362079013951,1.97035003965077,-0.00192353621158858
2,159,2.47113,2.326,2.13021,1.98433,50,2.46877280370875,0.000954804868115611,2.31395623846296,0.00520483548342132,2.11135354910083,0.00893097743255677,1.95663087378207,0.0141565415271139
2,162,2.47041,2.30349,2.11041,1.95144,51,2.44606871336274,0.00995118677749551,2.2942647094651,0.00402102272542537,2.09542290223568,0.00715230216693974,1.94341827719149,0.00412763577591768
2,165,2.39992,2.23721,2.07045,1.92102,52,2.42424623971829,-0.0100345580905661,2.27532283797995,-0.0167505188027686,2.08008169483899,-0.00463044065187046,1.93068306512604,-0.00500499812765132
2,168,2.36602,2.21978,2.03968,1.90006,53,2.40325273105738,-0.0154926406932639,2.25708654523321,-0.0165286286039849,2.06529184738057,-0.0124010790112067,1.91839830161926,-0.00955917319348254
2,171,2.35783,2.25186,2.06012,1.91926,54,2.38303970749496,-0.0105788029530817,2.23951519931828,0.00551226474617295,2.05103053153932,0.00443165926635847,1.9065390847138,0.00667225518122816
2,174,2.33987,2.20772,2.04587,1.88888,55,2.36356245342278,-0.0100240437431494,2.22257128232996,-0.00668202745533286,2.03726454902285,0.00422402234470498,1.89508235597864,-0.00327286883288913
2,177,2.34163,2.19264,2.00915,1.86888,56,2.34477965691783,-0.00134326349537162,2.20622009545349,-0.006155367490977,2.0239670984136,-0.00732081980246235,1.88400673116231,-0.00802902182466048
2,180,2.32436,2.2022,2.01417,1.87512,57,2.3266530899397,-0.000985574493084784,2.19042949708105,0.00537360500972039,2.01111331722117,0.00151989584706791,1.87329234928827,0.00097563560349978
2,183,2.30898,2.17992,2.01213,1.85587,58,2.30914732400501,-7.24613814228059e-05,2.17516966968227,0.00218388955304794,1.99868010797733,0.00672938704347259,1.86292073788119,-0.00378477609799432
2,186,2.29506,2.14289,1.97008,1.8416,59,2.29222947683936,0.00123483411640968,2.16041291181915,-0.00811090867087827,1.98664598281318,-0.00833866876962264,1.85287469234126,-0.00608497292767129
2,189,2.29566,2.17166,1.9914,1.85317,60,2.27586898613555,0.0086960251161261,2.14613345219208,0.0118942034018661,1.97499092426136,0.00830843095888212,1.84313816775791,0.00544279990375784
2,192,2.26463,2.14553,1.95971,1.82611,61,2.26003740708304,0.00203208712500413,2.13230728303137,0.00620113108174047,1.96369626033527,-0.00202997806523653,1.83369381017242,-0.00413581053191803
2,195,2.25208,2.12721,1.94112,1.81663,62,2.24470823080184,0.00328406565138417,2.11891201052275,0.00391615576109072,1.95274455219296,-0.00595293028978239,1.82453245899055,-0.00433122411805131
2,198,2.24229,2.11132,1.95163,1.82869,63,2.22985672120868,0.00557581959103648,2.10592672026753,0.00256100066567444,1.94211949294113,0.00489697317463667,1.81563852190794,0.00718836813306889
2,201,2.20009,2.09191,1.94603,1.81616,64,2.21545976816419,-0.00693750723215847,2.09333185604098,-0.000679231072167608,1.93180581629474,0.00736315399057386,1.80699971229836,0.00506933545107424
2,204,2.21203,2.08095,1.91657,1.79335,65,2.20149575501632,0.00478503988012746,2.0811091103235,-7.64545802576233e-05,1.92178921398937,-0.00271580980441388,1.79860450348776,-0.00292143352113727
2,207,2.18884,2.0703,1.91311,1.79236,66,2.18794443894897,0.000409316175989716,2.06924132531201,0.000511624562606894,1.91205626098533,0.00055110251521695,1.79044207017406,0.00107120462476207
2,210,2.12273,2.02681,1.8906,1.7778,67,2.17478684268659,-0.0239365264056309,2.05771240323726,-0.0150178436931456,1.90259434761036,-0.00630420647755126,1.78250223522009,-0.0026379968154786
2,213,2.20357,2.06981,1.89737,1.7818,68,2.16200515631924,0.0192251362395082,2.04650722498581,0.0113866077430314,1.8933916179007,0.00210119346768201,1.77477542125088,0.00395800993467121
2,216,2.11654,2.0071,1.8678,1.76421,69,2.14958264816669,-0.0153716574679627,2.03561157614195,-0.0140063932019807,1.8844369134882,-0.0088285860721129,1.76725260655612,-0.00172165911360433
2,219,2.11863,2.01541,1.8879,1.76162,70,2.13750358372256,-0.00882973196690018,2.02501207967301,-0.00474173945399659,1.87571972245917,0.00649365541929647,1.75992528485497,0.000962947211233578
2,222,2.09629,2.00153,1.85645,1.74807,71,2.12575315182794,-0.0138601002673377,2.01469613456292,-0.00653504731410859,1.86723013267224,-0.00577332835605926,1.75278542853121,-0.00269024859201306
2,225,2.13844,2.03405,1.86554,1.74666,72,2.1143173973338,0.0114091681299231,2.00465185979026,0.0146649604349849,1.85895878909173,0.00354026724362488,1.74582545499562,0.000478023162047148
2,228,2.10864,1.98915,1.86008,1.75062,73,2.1031831596051,0.00259456261333146,1.99486804312201,-0.0028663766216126,1.85089685473478,0.00496145705889761,1.73903819586507,0.00665989060071981
2,231,2.0728,1.97693,1.85609,1.73456,74,2.0923380162641,-0.00933788714453543,1.98533409423094,-0.00423308815144119,1.84303597487824,0.00708289219510272,1.7324168686878,0.00123707598958367
2,234,2.06622,1.96646,1.83288,1.72401,75,2.08177023167799,-0.00746971564938737,1.97604000173084,-0.00484808087004696,1.83536824421427,-0.001355719334318,1.72595505097176,-0.00112694184629247
2,237,2.06719,1.97315,1.81621,1.72018,76,2.07146870971371,-0.00206554397546388,1.96697629373856,0.00313867852962346,1.82788617666992,-0.0063878029271992,1.71964665629721,0.000310147262427618
2,240,2.00842,1.92591,1.81267,1.70965,77,2.06142295036195,-0.0257118270428894,1.9581340016391,-0.0164564843938793,1.82058267764406,-0.0043462336213691,1.71348591232239,-0.00223865997076833
2,243,2.0558,1.95356,1.81933,1.71422,78,2.05162300985537,0.00203594428633647,1.94950462674164,0.00208020704477208,1.81345101843571,0.00324187502420825,1.70746734050628,0.00395478105702529
2,246,2.00527,1.92126,1.81132,1.70598,79,2.04205946397151,-0.0180158632109373,1.94108010957736,-0.0102108663519679,1.80648481266561,0.00267657236888241,1.70158573739623,0.00258245147875824
2,249,2.00147,1.92333,1.80584,1.69657,80,2.03272337420847,-0.0153751241339684,1.93285280157732,-0.00492681158624508,1.79967799451009,0.00342394890014264,1.6958361573373,0.000432732053462281
2,252,2.02525,1.94719,1.79794,1.69005,81,2.02360625658804,0.000812284211224812,1.9248154389329,0.0116242630927297,1.79302479858669,0.00274129025833258,1.69021389648183,-9.69678939309881e-05
2,255,2.02898,1.92033,1.79573,1.68911,82,2.01470005283911,0.00708787749360718,1.9169611184341,0.00175740735349383,1.7865197413451,0.00515541946822817,1.68471447798202,0.0026090605116913
2,258,1.98615,1.90684,1.77625,1.6782,83,2.00599710376626,-0.00989388455695817,1.90928327512153,-0.00127968183316252,1.78015760383648,-0.00219508869779783,1.67933363826832,-0.000675052438945056
2,261,1.96461,1.89592,1.7725,1.67286,84,1.99749012459441,-0.0164607194746899,1.9017756615877,-0.00307904959873551,1.77393341573846,-0.000808043709948691,1.67406731431794,-0.000721186243598293
2,264,1.97698,1.89185,1.76568,1.65961,85,1.98917218213309,-0.00612927439997657,1.89443232878488,-0.00136311482106877,1.76784244053312,-0.00122320885817395,1.66891163183286,-0.00557347174975409
2,267,1.98057,1.87618,1.76067,1.65679,86,1.98103667359923,-0.000235570398797735,1.88724760822562,-0.0058644176722662,1.76188016174084,-0.000686858145699354,1.66386289425065,-0.00425088766333614
2,270,1.98804,1.89353,1.76833,1.66214,87,1.97307730696439,0.00758342969269221,1.88021609544438,0.00708105019836491,1.75604227012188,0.00699739982755121,1.65891757252159,0.00194248800047814
2,273,2.01648,1.89329,1.7681,1.66484,88,1.96528808269356,0.0260480474884248,1.87333263462463,0.0106534018606708,1.75032465176878,0.0101554578536391,1.65407229558852,0.00650981486129631
2,276,1.97493,1.86008,1.7483,1.65041,89,1.9576632767593,0.00882006800949009,1.866592304295,-0.00348887342994608,1.7447233770153,0.00204996564602777,1.64932384151433,0.000658547738371151
2,279,1.93546,1.83058,1.72657,1.64669,90,1.95019742484169,-0.00755688867904569,1.85999040400429,-0.0158121267405315,1.73923469009915,-0.00728176028873218,1.64466912920576,0.00122874002943929
2,282,1.95373,1.87944,1.74765,1.63985,91,1.94288530760503,0.00558174605187234,1.85352244190887,0.013982867164229,1.73385499951833,0.00795625959812063,1.6401052106879,-0.000155606290524246
2,285,1.92752,1.83789,1.7189,1.631,92,1.93572193696696,-0.0042371462606946,1.84718412318489,-0.00503150880750769,1.72858086902664,-0.00560047215615023,1.63562926388431,-0.00283026477119563
2,288,1.94975,1.84766,1.72771,1.62278,93,1.92870254329356,0.0109127541619247,1.84097133921471,0.00363322374597486,1.72340900921973,0.00249562974155348,1.63123858586776,-0.00518537627851423
2,291,1.89914,1.82459,1.7142,1.6258,94,1.92182256343963,-0.0118026314557551,1.83488015748219,-0.00560808150888092,1.71833626966798,-0.00240713633355538,1.62693058654384,-0.000694919963510898
2,294,1.90731,1.82435,1.70003,1.61689,95,1.91507762956405,-0.00405603900548768,1.82890681211954,-0.00249154964558485,1.71335963155155,-0.00777982118061049,1.62270278273501,-0.00358216106908615
2,297,1.90857,1.83398,1.70674,1.62399,96,1.90846355867663,5.57733066945953e-05,1.82304769506498,0.00599671910099153,1.70847620076442,-0.00101622765575504,1.61855279263716,0.00335930183283217
2,300,1.90635,1.82669,1.71539,1.61849,97,1.90197634284812,0.00229953288763229,1.81729934777907,0.00516736674803142,1.70368320145002,0.00687146444833187,1.61447833061998,0.00248480843869592
2,303,1.91542,1.82126,1.70871,1.62355,98,1.89561214004617,0.010449321111305,1.81165845348328,0.00529986571048213,1.69897796993901,0.00572816730598191,1.61047720234773,0.00811734412210741
2,306,1.88709,1.81143,1.69501,1.60561,99,1.88936726553814,-0.00120530591361168,1.80612182987807,0.00293898785459401,1.69435794905836,0.000384836593712246,1.60654730019604,-0.000583425210027633
2,309,1.86346,1.78537,1.68212,1.60227,100,1.88323818382616,-0.0105022211189338,1.80068642230922,-0.00850587982419604,1.68982068278582,-0.00455710056355108,1.60268659894436,-0.000259937872219673
2,312,1.85473,1.78125,1.68548,1.59132,101,1.87722150108735,-0.0119812718287781,1.79534929735153,-0.00785323355868794,1.68536381122821,6.89398757827142e-05,1.59889315172656,-0.00473649644341612
2,315,1.85506,1.78775,1.67269,1.58749,102,1.87131395805168,-0.00868585305087088,1.79010763677275,-0.00131703631910984,1.68098506589407,-0.00493464579928182,1.59516508621754,-0.00481146828240975
2,318,1.8849,1.80122,1.69395,1.59871,103,1.86551242333196,0.0103926280123168,1.78495873186647,0.00911016475799831,1.67668226524996,0.0102987519507549,1.59150060104532,0.0045299379402941
2,321,1.84858,1.76787,1.67036,1.58815,104,1.85981388713165,-0.00604032866373194,1.77989997811059,-0.00675879445953864,1.67245331053198,-0.00125164064000749,1.5878979624083,0.000158724047553571
2,324,1.84844,1.76723,1.66996,1.58293,105,1.85421545532746,-0.0031147703525336,1.77492887014053,-0.00433756544842079,1.6682961818001,0.00099731583519036,1.58435550088656,-0.000899735498607113
2,327,1.82733,1.75933,1.65177,1.5767,106,1.84871434390318,-0.0115671433900548,1.77004299701446,-0.00605239366078947,1.66420893421897,-0.0074743825508965,1.58087160843422,-0.00263880280470752
2,330,1.84789,1.76003,1.65238,1.57104,107,1.84330787369245,0.00248581714045093,1.7652400377459,-0.00295146135057889,1.66018969454746,-0.0047040977143219,1.57744473553973,-0.00406019646547973
2,333,1.83796,1.76511,1.65072,1.56719,108,1.83799346543418,-1.82075914907376e-05,1.76051775709376,0.00260846156633865,1.65623665782684,-0.00333083910489107,1.57407338854394,-0.00437297815593585
2,336,1.83834,1.74579,1.65761,1.57075,109,1.83276863509741,0.00303986264054146,1.75587400158412,-0.00574300979171871,1.65234808425087,0.00318450803392301,1.57075612710674,-3.90073712686068e-06
2,339,1.8203,1.74929,1.6414,1.55479,110,1.82763098947494,-0.00401119783871173,1.75130669575675,-0.00115153774129484,1.64852229620955,-0.0043204124238595,1.56749156181019,-0.00810311335616876
2,342,1.81266,1.7335,1.64489,1.56389,111,1.82257822201261,-0.00544186356054144,1.74681383861385,-0.00762178448529804,1.6447576754919,8.04522818580455e-05,1.56427835189143,-0.000248262651568854
2,345,1.80079,1.73178,1.64075,1.55791,112,1.81760810888121,-0.00925287953934206,1.74239350026902,-0.00609133371272408,1.64105266064254,-0.000184430792377288,1.56111520309786,-0.00205314962758607
2,348,1.79528,1.73012,1.63505,1.56371,113,1.81271850524465,-0.0096200845272999,1.73804381876827,-0.00455904430182152,1.63740574445552,-0.00143870538105484,1.55800086565399,0.00366439741586078
2,351,1.80798,1.72661,1.6309,1.55293,114,1.80790734174836,4.01891457406656e-05,1.73376299709114,-0.00412570639882215,1.63381547160542,-0.00178445586792864,1.55493413233709,-0.00128888568037233
2,354,1.79308,1.71994,1.61944,1.55337,115,1.80317262117792,-0.00559714641814391,1.72954930030224,-0.00555595628327155,1.63028043639864,-0.00664943046399236,1.5519138366513,0.000938301672625208
2,357,1.81877,1.73401,1.63962,1.56,116,1.79851241530529,0.0112635222989368,1.72540105285658,0.00498953395743529,1.62679928064404,0.00788094727388988,1.54893885109654,0.00714111399274042
2,360,1.80859,1.72409,1.62182,1.53985,117,1.79392486189793,0.00817488982595971,1.72131663604652,0.00161118756154677,1.62337069163275,-0.000955229536140689,1.54600808552594,-0.00398321689491277
2,363,1.77727,1.71153,1.61325,1.54042,118,1.78942619699509,-0.00679334918394747,1.71729448557475,-0.00335672514130547,1.61999340022039,-0.00416260968684823,1.54312048558577,-0.00175001602985281
2,366,1.77623,1.70165,1.61742,1.53635,119,1.78496391920922,-0.00489305084277858,1.71333308925922,-0.00681892466354683,1.61666617900769,0.000466281166821458,1.54027503123475,-0.00254826648173623
2,369,1.78958,1.71292,1.60662,1.53266,120,1.78056946522155,0.00506047921995978,1.70943098484673,0.0020410389095562,1.61338784061061,-0.0041948008037852,1.53747073533576,-0.00312899310874326
2,372,1.76824,1.69033,1.60311,1.5303,121,1.7762411988959,-0.00450456779229735,1.70560477735413,-0.00895563706020275,1.61015723601945,-0.0043767377879611,1.53470847108871,-0.00287251368696673
2,375,1.77811,1.69402,1.60926,1.53316,122,1.77197753762121,0.00346080142021621,1.70180968059303,-0.00457729244454252,1.60697325303474,0.00142301495120933,1.53198178726771,0.000769077506063587
2,378,1.75533,1.69159,1.59826,1.53189,123,1.76782858840217,-0.00707002278623881,1.69806995951208,-0.00381607334596523,1.60383481478295,-0.0034759282761343,1.52929353771739,0.00169781812227177
2,381,1.75205,1.676,1.59301,1.52985,124,1.7637024427155,-0.00660680760727528,1.69438432661613,-0.0108501514841376,1.60075408220825,-0.0048377713318517,1.52664285248985,0.00210078441393047
2,384,1.72447,1.67709,1.5899,1.51961,125,1.75963611569133,-0.0199848794746464,1.69076190490866,-0.00808623903162919,1.59770034164172,-0.00488223069021143,1.52402888852756,-0.00289947819285208
2,387,1.75806,1.69205,1.60684,1.52843,126,1.75562822725557,0.00138512966850213,1.68718739205076,0.00288207935416751,1.59468920049155,0.00761954085140859,1.52145782979399,0.00458255895725879
2,390,1.75959,1.69035,1.58451,1.51755,127,1.75167744061277,0.00451713266596476,1.68366317154182,0.0039715951332826,1.59171970718205,-0.0045295080217459,1.51891650190357,-0.000899655709748148
2,393,1.76089,1.69072,1.5872,1.51285,128,1.74778246052643,0.00749952569590362,1.68018811391159,0.00626827793936036,1.58879093912142,-0.00100135208619656,1.51640947219223,-0.00234730279485851
2,396,1.74069,1.66933,1.58606,1.51004,129,1.74394203170665,-0.00186475906166605,1.67676112422666,-0.00443183236973677,1.58590442846518,9.80964123873385e-05,1.51393599656961,-0.00257342224403045
2,399,1.73451,1.67218,1.58275,1.5165,130,1.74015493725464,-0.00324392795939632,1.67338114075832,-0.000717792694720165,1.58305733780093,-0.000194141926250446,1.51149535301139,0.0033110568144612
2,402,1.73918,1.67266,1.58479,1.50978,131,1.73641999718755,0.00158947882247151,1.67004713371614,0.00156454643172044,1.58024829236452,0.00287404685543757,1.50908684073337,0.000459323643891896
2,405,1.74015,1.67573,1.58322,1.50986,132,1.73273606702439,0.00427874337973533,1.66675810403468,0.00538284226343522,1.57747647702372,0.00364095633749906,1.50670977940233,0.00209079455163197
2,408,1.71825,1.66457,1.57605,1.50424,133,1.72910203645603,-0.00627611108380688,1.66351308222741,0.00063535284686278,1.57474110048791,0.000831183939814517,1.50436350838372,-8.21000928525883e-05
2,411,1.71908,1.65245,1.56441,1.49689,134,1.72551682804793,-0.00373037686060307,1.66031112727513,-0.00473473142834058,1.57204139442612,-0.00485444877798868,1.50204738602076,-0.00343357078395801
2,414,1.73031,1.66164,1.56195,1.48798,135,1.72197939601811,0.00483780700346959,1.65715132557629,0.00270866899988498,1.56937661262714,-0.00473220549317788,1.49976078894559,-0.00785511198347522
2,417,1.69091,1.64187,1.56091,1.48769,136,1.7184887250734,-0.016048243244787,1.65403278994301,-0.00735341525086997,1.56674603019781,-0.00372493696191156,1.49750311142211,-0.00655298232588419
2,420,1.71638,1.64932,1.56079,1.49524,137,1.71504382928253,0.000779088379352144,1.65095465863526,-0.000990129333179657,1.56414894279287,-0.00214745712571129,1.49527376471511,-2.25809586859027e-05
2,423,1.69697,1.61838,1.55307,1.48639,138,1.71164375101271,-0.00857290017507006,1.64791609444412,-0.0179232999445206,1.56158466588161,-0.00545258036124663,1.49307217648834,-0.00447545443118014
2,426,1.71095,1.6436,1.55106,1.48278,139,1.70828755990462,0.0015585432791716,1.64491628380988,-0.000800213252697413,1.55905253404339,-0.00512653285817355,1.49089779022705,-0.00544490056948288
2,429,1.68123,1.63747,1.55842,1.49327,140,1.70497435189759,-0.0139265155931336,1.64195443598258,-0.00273115738433849,1.55655190029584,0.00120015253188877,1.48875006468601,0.00303606053239136
2,432,1.69409,1.63474,1.55523,1.48487,141,1.70170324828638,-0.00447389889750116,1.63902978221173,-0.00261726922737116,1.55408213544789,0.000738612539147088,1.48662847335912,-0.00118286000209888
2,435,1.6955,1.63826,1.55496,1.48882,142,1.69847339483613,-0.00175062785509095,1.63614157498059,0.0012947687729481,1.55164262748503,0.00213797459299303,1.48453250397373,0.00288811192398186
2,438,1.70578,1.64418,1.55948,1.48437,143,1.6952839609166,0.00619131621921554,1.63328908726309,0.00666808639195593,1.54923278097561,0.00661438303541173,1.48246165800337,0.00128727915918225
2,441,1.69022,1.62747,1.54357,1.47632,144,1.69213413867952,-0.00113119795633843,1.63047161181477,-0.00184094699534543,1.54685201650319,-0.00212173916326419,1.48041545020161,-0.00276641952166412
2,444,1.69628,1.63685,1.55031,1.48219,145,1.68902314227845,0.00429648211436851,1.62768846049771,0.00562855836643772,1.54449977012492,0.00376188458390869,1.47839340815555,0.00256805247067704
2,447,1.69031,1.62166,1.54487,1.47565,146,1.68595020710838,0.00258595590381905,1.62493896362768,-0.00201789956489418,1.54217549284797,0.00174721175671921,1.47639507185649,-0.000504656152470195
2,450,1.67191,1.61575,1.5363,1.47576,147,1.68291458908361,-0.0065390062900379,1.62222246934958,-0.00398987775836435,1.53987865012947,-0.00232398191193273,1.47441999328808,0.000908836503857424
2,453,1.69324,1.62722,1.54631,1.48301,148,1.67991556394686,0.00793161057561376,1.61953834304096,0.00474311521678206,1.53760872139701,0.00565896803387456,1.47246773603154,0.0071595891105023
2,456,1.68388,1.61506,1.53399,1.46949,149,1.67695242659713,0.00413104945196574,1.61688596673444,-0.0011293107689736,1.53536519958626,-0.000895682399618125,1.47053787488543,-0.000712579324424811
2,459,1.66361,1.59886,1.52852,1.46931,150,1.67402449045707,-0.00622122944822112,1.61426473856871,-0.00954288240376511,1.53625356415792,-0.00503404147488773,1.46862999550167,0.000463019617202853
2,462,1.64601,1.60007,1.53326,1.46225,151,1.67113108685916,-0.0150323855840512,1.61167407225944,-0.00720001175124441,1.5309554133793,0.00150532575969486,1.4667436940354,-0.00306372139431954
2,465,1.67766,1.59422,1.52621,1.46157,152,1.66827156445057,0.00562764225531054,1.60911339658678,-0.00925565383917404,1.52878819850077,-0.00168643275981484,1.46487857680704,-0.00225860140179857
2,468,1.65898,1.59831,1.51995,1.45578,153,1.66544528863683,-0.00388201802901667,1.60658215491226,-0.00514891497267267,1.52664548877851,-0.00438575217869985,1.46303425998063,-0.00495836644367431
2,471,1.65217,1.6079,1.52413,1.45683,154,1.66265164103258,-0.00630417146557105,1.60407980470543,0.00238154939882618,1.52452683838899,-0.000260302658501299,1.46121036925096,-0.00299776770213411
2,474,1.6386,1.5888,1.51399,1.45559,155,1.65989001893933,-0.0128261623941435,1.60160581709307,-0.00799561100265855,1.52243181260725,-0.00554495284277656,1.45940653954465,-0.002615131179172
2,477,1.65273,1.6082,1.52538,1.46124,156,1.6571598348487,-0.00267314881494551,1.59915967642791,0.00565317129074105,1.52035998745903,0.00330185783786807,1.45762241473269,0.00248183976230432
2,480,1.66388,1.60172,1.52277,1.46196,157,1.65446051595475,0.00569338703125166,1.59674087986816,0.003118301907725,1.51831094938351,0.00293684941039474,1.45585764735257,0.00419158607884862
2,483,1.65441,1.59445,1.50976,1.44605,158,1.65179150368775,0.00158524626528611,1.59434893697551,6.33882722551604e-05,1.51628429490961,-0.00430281770477314,1.45411189834124,-0.00554420767097208
2,486,1.67828,1.61602,1.52551,1.45683,159,1.64915225328014,0.0176622544473559,1.591983369335,0.015098543821495,1.51427963034771,0.00741631164232981,1.45238483677958,0.00306059599897401
2,489,1.65561,1.5986,1.51907,1.4568,160,1.64654223331911,0.00550715705761684,1.58964371017368,0.00563414919268035,1.51229657148596,0.00447890224824699,1.45067613964297,0.00422138352570767
2,492,1.65446,1.58777,1.51478,1.45167,161,NA,NA,NA,NA,NA,NA,NA,NA
2,495,1.64078,1.58419,1.5119,1.45062,162,NA,NA,NA,NA,NA,NA,NA,NA
2,498,1.62839,1.57277,1.50319,1.44182,163,NA,NA,NA,NA,NA,NA,NA,NA
2,501,1.63672,1.57499,1.50135,1.44144,164,NA,NA,NA,NA,NA,NA,NA,NA
2,504,1.62672,1.57053,1.49707,1.43848,165,NA,NA,NA,NA,NA,NA,NA,NA
2,507,1.62709,1.57773,1.5041,1.44124,166,NA,NA,NA,NA,NA,NA,NA,NA
2,510,1.624,1.57031,1.5004,1.43984,167,NA,NA,NA,NA,NA,NA,NA,NA
2,513,1.6212,1.5761,1.49979,1.43234,168,NA,NA,NA,NA,NA,NA,NA,NA
2,516,1.61673,1.57158,1.50165,1.43859,169,NA,NA,NA,NA,NA,NA,NA,NA
2,519,1.61587,1.55921,1.48695,1.42824,170,NA,NA,NA,NA,NA,NA,NA,NA
2,522,1.60548,1.55814,1.48606,1.42623,171,NA,NA,NA,NA,NA,NA,NA,NA
2,525,1.62089,1.55565,1.491,1.43097,172,NA,NA,NA,NA,NA,NA,NA,NA
2,528,1.61822,1.5642,1.48172,1.42719,173,NA,NA,NA,NA,NA,NA,NA,NA
2,531,1.61833,1.57134,1.49273,1.42747,174,NA,NA,NA,NA,NA,NA,NA,NA
2,534,1.60622,1.55949,1.48349,1.4236,175,NA,NA,NA,NA,NA,NA,NA,NA
2,537,1.59138,1.54737,1.47886,1.42627,176,NA,NA,NA,NA,NA,NA,NA,NA
2,540,1.61298,1.55989,1.48662,1.42881,177,NA,NA,NA,NA,NA,NA,NA,NA
2,543,1.60675,1.54527,1.47396,1.4197,178,NA,NA,NA,NA,NA,NA,NA,NA
2,546,1.6064,1.5421,1.47154,1.42074,179,NA,NA,NA,NA,NA,NA,NA,NA
2,549,1.61105,1.54857,1.47293,1.42096,180,NA,NA,NA,NA,NA,NA,NA,NA
2,552,1.59478,1.54743,1.4844,1.42201,181,NA,NA,NA,NA,NA,NA,NA,NA
2,555,1.6016,1.54688,1.47576,1.41958,182,NA,NA,NA,NA,NA,NA,NA,NA
2,558,1.59853,1.54152,1.47389,1.41607,183,NA,NA,NA,NA,NA,NA,NA,NA
2,561,1.61054,1.54777,1.47572,1.41933,184,NA,NA,NA,NA,NA,NA,NA,NA
2,564,1.58333,1.54036,1.47082,1.4112,185,NA,NA,NA,NA,NA,NA,NA,NA
2,567,1.58872,1.53646,1.46568,1.41255,186,NA,NA,NA,NA,NA,NA,NA,NA
2,570,1.57177,1.52601,1.45944,1.41021,187,NA,NA,NA,NA,NA,NA,NA,NA
2,573,1.58391,1.52489,1.46686,1.40991,188,NA,NA,NA,NA,NA,NA,NA,NA
2,576,1.56678,1.52558,1.45731,1.40759,189,NA,NA,NA,NA,NA,NA,NA,NA
2,579,1.56599,1.52696,1.45251,1.3981,190,NA,NA,NA,NA,NA,NA,NA,NA
2,582,1.57957,1.52628,1.46183,1.40944,191,NA,NA,NA,NA,NA,NA,NA,NA
2,585,1.54995,1.50893,1.44616,1.39359,192,NA,NA,NA,NA,NA,NA,NA,NA
2,588,1.58406,1.52364,1.4525,1.40132,193,NA,NA,NA,NA,NA,NA,NA,NA
2,591,1.56918,1.52976,1.45924,1.40123,194,NA,NA,NA,NA,NA,NA,NA,NA
2,594,1.56905,1.51575,1.45198,1.40158,195,NA,NA,NA,NA,NA,NA,NA,NA
2,597,1.56373,1.52055,1.45462,1.39829,196,NA,NA,NA,NA,NA,NA,NA,NA
2,600,1.57644,1.53011,1.45831,1.40136,197,NA,NA,NA,NA,NA,NA,NA,NA
3,30,19.87049,15.5723,10.60435,8.17124,6,20.1075620798362,-0.0117901950964984,15.5950482513329,-0.00145868425453122,11.0227294835766,-0.0379560692476335,8.3628426581559,-0.0229111877369881
3,33,14.68,11.79306,8.86973,6.88783,7,15.138368708286,-0.0302786064415984,12.0932835579218,-0.0248256444565977,8.88321478643812,-0.00151800747390585,6.93990068579238,-0.00750308803395161
3,36,11.87367,9.72655,7.47015,6.02125,8,12.173192476536,-0.0246050883622593,9.93886481307714,-0.021362078775615,7.51465000785159,-0.00592176718877091,6.00176182486869,0.00324707572542393
3,39,10.19592,8.73459,6.83425,5.50756,9,10.2302554116212,-0.0033562614264917,8.49393525549747,0.0283325381302819,6.56942678653726,0.0403114643130571,5.33847127909227,0.0316736219168126
3,42,9.04535,7.52805,5.96516,4.89576,10,8.86896491217597,0.0198879000616945,7.46600408622104,0.00831045805258435,5.87935908016642,0.0145935838692048,4.8451346707599,0.0104486939332398
3,45,8.69174,7.00491,5.36518,4.54034,11,NA,NA,NA,NA,5.35095900880362,0.00265765280073826,4.46373960848111,0.0171605869153639
3,48,7.04919,6.11234,4.92108,4.09006,12,7.10433772094933,-0.00776254214192429,6.10449244219143,0.0012855381316117,4.94109897478019,-0.00405152272447329,4.1599843280409,-0.0168087960258815
3,51,6.49015,5.49501,4.62343,3.91427,13,6.5012049004549,-0.00170043870700376,5.62899649792958,-0.0238029101597176,4.6077903598208,0.0033941735534615,3.91218005403633,0.00053421517793284
3,54,6.23682,5.27179,4.33877,3.72006,14,6.01545520381389,0.0367993424746573,5.24533826914517,0.005042902763855,4.33309790728519,0.00130901559027263,3.70601124559384,0.00379080188244574
3,57,5.66114,5.09713,4.18613,3.57434,15,5.61573680209381,0.00808499392088002,4.92668496395296,0.0345962929016441,4.10271230484041,0.0203323287039086,3.53165856642938,0.0120853793671729
3,60,5.33486,4.74029,3.93782,3.43672,16,5.28100074478387,0.0101986835107581,4.65778136878067,0.0177141485799119,3.90661692702728,0.00798723641339105,3.38216686209514,0.0161296411824781
3,63,4.9631,4.43691,3.68966,3.24411,17,4.99655917779901,-0.00669644381431078,4.4277912624541,0.00205943257154551,3.73759730716859,-0.0128257014410432,3.25247388582887,-0.00257154588244746
3,66,4.6096,4.11419,3.57694,3.14552,18,4.75183804156833,-0.0299332679952592,4.22880068091607,-0.0271024078844131,3.59032878090982,-0.00372912391227476,3.13880822544435,0.00213831941092835
3,69,4.52012,3.97463,3.42004,3.06074,19,4.53902703248661,-0.00416543729554497,4.05489606976147,-0.0197948525388952,3.46079752600853,-0.0117769172285385,3.03830282838463,0.00738477132883442
3,72,4.36864,3.82706,3.30579,2.92922,20,4.3522316644258,0.00377009700754738,3.90157192148064,-0.0190979233447952,3.34592148984286,-0.0119941516753129,2.94878749212178,-0.0066357756108415
3,75,4.1481,3.82066,3.27932,2.9062,21,4.18692060349219,-0.00927187476634062,3.76533712686688,0.0146926745917055,3.24329530817548,0.0111074350009737,2.86840263409907,0.0131771479539176
3,78,4.11229,3.72491,3.16153,2.81766,22,4.03955416148449,0.0180059074857848,3.64344608530686,0.0223590284543143,3.15109043787456,0.00331299984283429,2.79583321544634,0.00780689793406397
3,81,3.93711,3.56973,3.05307,2.69368,23,3.9073279716855,0.00762209584921436,3.53371072577318,0.0101930455042953,3.06760893665096,-0.00473950133514656,2.72995661954886,-0.0132883501844256
3,84,3.82056,3.45702,2.99937,2.675,24,3.78799213891167,0.0085976580452154,3.43436643079257,0.00659614216011351,2.99171018508461,0.00256034657153004,2.66985788586083,0.00192598795853449
3,87,3.76163,3.38698,2.94365,2.6499,25,3.67972113433271,0.0222595307299411,3.34397470323332,0.01286053292362,2.92237715177222,0.00727929597139076,2.6147855461995,0.0134291907233242
3,90,3.59453,3.26652,2.86868,2.564,26,3.58101857622635,0.00377306721147663,3.26135138381685,0.00158480812855455,2.85876807015376,0.00346720321586291,2.56410756376217,-4.19497854493578e-05
3,93,3.56526,3.19099,2.78449,2.48684,27,3.49064646735795,0.0213752762818522,3.18551295249794,0.00171936124063277,2.80018022414562,-0.00560329082047295,2.51729864425332,-0.0120997341030065
3,96,3.34505,3.08227,2.73198,2.47576,28,3.40757187712314,-0.0183479261414503,3.1156358338454,-0.0107091571752201,2.7460223403489,-0.00511370215113327,2.47391495990451,0.00074579770339378
3,99,3.33408,3.05379,2.71107,2.43146,29,3.33092626182217,0.00094680516166834,3.05102518935904,0.000906190696360998,2.69579329871862,0.00566686670251859,2.43357888121273,-0.0008706852401974
3,102,3.28888,2.98989,2.67731,2.40156,30,3.25997407049516,0.00886692006738898,2.99109072187185,-0.000401432782720645,2.64906554070195,0.0106620462438882,2.39596702322786,0.00233432961218538
3,105,3.17131,2.93052,2.584,2.35009,31,3.19408826110385,-0.00713138123990897,2.93532772675341,-0.00163788414819521,2.60547201084037,-0.00824112128283427,2.36080079603806,-0.00453693342362471
3,108,3.13351,2.86418,2.55018,2.31368,32,3.13273102010866,0.000248658402633994,2.88330211257618,-0.00663201836976202,2.56469444876617,-0.0056593286475709,2.32783886781181,-0.00608240888473632
3,111,3.14519,2.8662,2.54254,2.31892,33,3.0754384429282,0.0226801993817132,2.83463845651335,0.0111342395056151,2.52646182542416,0.0063639095647674,2.29687110326393,0.00959953595338336
3,114,3.05698,2.78092,2.46928,2.26271,34,3.02180825974592,0.0116393024410597,2.78901040226643,-0.00290081466166325,2.4905311159802,-0.00853276469578956,2.26771365097953,-0.00220647389822415
3,117,2.89785,2.70208,2.45008,2.23586,35,2.97148992470972,-0.0247821552741487,2.7461328826357,-0.0160417884051625,2.45669206798775,-0.0026914516776062,2.24020493311094,-0.00193952483843018
3,120,2.85105,2.65075,2.40149,2.21277,36,2.92417655528379,-0.0250075718416017,2.70575577527762,-0.0203291722705367,2.42475960818899,-0.00959666604079046,2.21420234961433,-0.000646891922311599
3,123,2.89393,2.66864,2.36097,2.15994,37,2.87959833175091,0.00497696782605761,2.66765869323707,0.000367853191044709,2.39457016429955,-0.0140318144778114,2.18957955259983,-0.013536641116619
3,126,2.91407,2.6889,2.40965,2.19709,38,2.83751705788259,0.0269788482521194,2.63164668052612,0.021755701438777,2.36597861447787,0.0184580643522712,2.16622417880776,0.014248673564907
3,129,2.8274,2.59518,2.34455,2.12911,39,2.79772165162174,0.0106080418547205,2.597546634691,-0.000911103831359839,2.33885574290529,0.00243463373574149,2.14403595269153,-0.00696161492665004
3,132,2.70469,2.51739,2.28198,2.10307,40,2.76002438569605,-0.0200485133330048,2.56520431713651,-0.0186395745621856,2.31308610608448,-0.0134478807350322,2.1229250911998,-0.00935270456885351
3,135,2.73903,2.52641,2.28276,2.09597,41,2.72425773670706,0.00542249108588333,2.53448184159947,-0.00318480940245203,2.28856623447176,-0.00253706201913895,2.10281095562324,-0.00325324328606469
3,138,2.65119,2.45305,2.25789,2.07468,42,2.6902717309995,-0.0145270570809497,2.50525555392295,-0.0208384146045324,2.26520310947264,-0.00322845639848068,2.08362090690503,-0.00429104299894645
3,141,2.68387,2.48661,2.23312,2.07402,43,2.65793169830753,0.00975882928405958,2.47741423379705,0.00371184038482752,2.24291286778008,-0.00436613830200605,2.06528932939655,0.00422733535644726
3,144,2.64662,2.46176,2.2569,2.07339,44,2.62711636199216,0.00742397188415667,2.45085756284829,0.00444841728747392,2.2216196943784,0.0158804433138888,2.04775679477215,0.0125176999989878
3,147,2.5634,2.40562,2.20291,2.03288,45,2.59771620848715,-0.0132101452710791,2.42549481414417,-0.00819412765934213,2.20125487287952,0.000751901627053186,2.03096934312259,0.000940761062632189
3,150,2.53343,2.38303,2.17262,2.00262,46,2.56963208948893,-0.0140884329850227,2.40124372665256,-0.00758512201422679,2.18175596766915,-0.00418743791905885,2.01487786245968,-0.00608367518848951
3,153,2.49727,2.35769,2.14358,1.9853,47,2.54277401904,-0.0178954239343626,2.37802953487853,-0.00855310440018109,2.16306611697007,-0.00900856280683771,1.99943755122795,-0.00707076408526419
3,156,2.51673,2.3397,2.12673,1.96725,48,2.51706013453269,-0.000131158778511553,2.35578412927752,-0.00682750557558742,2.14513341963094,-0.00857914918602232,1.98460745111759,-0.00874603746338409
3,159,2.54194,2.37154,2.15002,1.98447,49,2.49241579615441,0.0198699606710875,2.33444532730603,0.0158901441212069,2.12791040143031,0.0103902864306824,1.97035003965077,0.00716621923266447
3,162,2.45368,2.29969,2.10266,1.95025,50,2.46877280370875,-0.00611348427286396,2.31395623846296,-0.00616530175714991,2.11135354910083,-0.00411752408995347,1.95663087378207,-0.00326115358168555
3,165,2.44772,2.31052,2.11018,1.94867,51,2.44606871336274,0.00067507778021092,2.2942647094651,0.00708518527432256,2.09542290223568,0.00704253912113439,1.94341827719149,0.00270231214254979
3,168,2.47,2.294,2.08581,1.93831,52,2.42424623971829,0.018873396411673,2.27532283797995,0.00820857669438668,2.08008169483899,0.00275388470328775,1.93068306512604,0.00395038160934935
3,171,2.40849,2.28546,2.05368,1.91325,53,2.40325273105738,0.00217924185623164,2.25708654523321,0.0125708315557111,2.06529184738057,-0.00562237603140459,1.91839830161926,-0.00268364583877911
3,174,2.37682,2.23485,2.06408,1.91738,54,2.38303970749496,-0.00260998903014353,2.23951519931828,-0.00208312911638198,2.05103053153932,0.0063623960053325,1.9065390847138,0.00568617521304216
3,177,2.35595,2.22341,2.04239,1.89129,55,2.36356245342278,-0.00322075408320666,2.22257128232996,0.000377363676344,2.03726454902285,0.00251584949024242,1.89508235597864,-0.00200115629100572
3,180,2.30359,2.17421,2.01269,1.88065,56,2.34477965691783,-0.0175665362825481,2.20622009545349,-0.0145090217968098,2.0239670984136,-0.0055717795128376,1.88400673116231,-0.0017816980729356
3,183,2.3809,2.21547,2.02309,1.86864,57,2.3266530899397,0.0233154269086606,2.19042949708105,0.0114317776273205,2.01111331722117,0.00595525009768028,1.87329234928827,-0.00248351480751952
3,186,2.30629,2.18013,2.01779,1.87887,58,2.30914732400501,-0.00123739355012231,2.17516966968227,0.00228043374586506,1.99868010797733,0.009561255924045,1.86292073788119,0.00856142818880712
3,189,2.2693,2.13862,1.97198,1.84475,59,2.29222947683936,-0.0100031332251145,2.16041291181915,-0.0100873826942651,1.98664598281318,-0.0073822829734429,1.85287469234126,-0.00438491192893231
3,192,2.33853,2.1758,1.98791,1.85296,60,2.27586898613555,0.0275327860461978,2.14613345219208,0.0138232539908549,1.97499092426136,0.00654133423092862,1.84313816775791,0.00532886378997466
3,195,2.27361,2.12822,1.96593,1.83316,61,2.26003740708304,0.00600547268572815,2.13230728303137,-0.00191683584439206,1.96369626033527,0.00113751790938932,1.83369381017242,-0.000291111945441846
3,198,2.24934,2.10685,1.93697,1.81528,62,2.24470823080184,0.00206341703326918,2.11891201052275,-0.00569254903594185,1.95274455219296,-0.00807814425867526,1.82453245899055,-0.00507113970209472
3,201,2.23806,2.12171,1.94619,1.82122,63,2.22985672120868,0.00367883672224134,2.10592672026753,0.00749469560387261,1.94211949294113,0.00209590968715689,1.81563852190794,0.00307411305979022
3,204,2.20014,2.06981,1.9236,1.82287,64,2.21545976816419,-0.00691493855331404,2.09333185604098,-0.0112365633633776,1.93180581629474,-0.00424774385992599,1.80699971229836,0.00878267306498315
3,207,2.16973,2.0414,1.90202,1.79387,65,2.20149575501632,-0.0144291693245079,2.0811091103235,-0.0190807440736867,1.92178921398937,-0.010286879458716,1.79860450348776,-0.00263232048990014
3,210,2.13995,2.05596,1.90023,1.7912,66,2.18794443894897,-0.0219358581939251,2.06924132531201,-0.00641845160810661,1.91205626098533,-0.00618510094427893,1.79044207017406,0.000423319937888467
3,213,2.17509,2.062,1.89859,1.775,67,2.17478684268659,0.000139396334143393,2.05771240323726,0.00208367153543443,1.90259434761036,-0.00210467755009736,1.78250223522009,-0.00420882233517528
3,216,2.14786,2.05148,1.88819,1.76413,68,2.16200515631924,-0.00654260989059119,2.04650722498581,0.00242988392783605,1.8933916179007,-0.00274724882666921,1.77477542125088,-0.00599817933210722
3,219,2.15803,2.02413,1.88938,1.78059,69,2.14958264816669,0.00392976368715581,2.03561157614195,-0.00564035706836985,1.8844369134882,0.00262311063661591,1.76725260655612,0.00754696492985918
3,222,2.16948,2.03943,1.87648,1.76248,70,2.13750358372256,0.0149597018320562,2.02501207967301,0.00711991818306723,1.87571972245917,0.000405325770009624,1.75992528485497,0.00145160431923741
3,225,2.12506,2.02922,1.87556,1.74234,71,2.12575315182794,-0.000326073527092685,2.01469613456292,0.0072089607896284,1.86723013267224,0.00446108231760056,1.75278542853121,-0.0059593309946443
3,228,2.14621,2.02481,1.84857,1.74981,72,2.1143173973338,0.0150841130600448,2.00465185979026,0.0100556812951311,1.85895878909173,-0.00558849886973867,1.74582545499562,0.00228232724696364
3,231,2.10261,1.98998,1.85792,1.7494,73,2.1031831596051,-0.000272520062022608,1.99486804312201,-0.00245030900106902,1.85089685473478,0.00379445523787525,1.73903819586507,0.00595835339302608
3,234,2.11584,1.9966,1.84327,1.73616,74,2.0923380162641,0.0112324029641577,1.98533409423094,0.00567456419642198,1.84303597487824,0.000126978054117544,1.7324168686878,0.00216064122894322
3,237,2.05638,1.96873,1.8551,1.74324,75,2.08177023167799,-0.0121964620742647,1.97604000173084,-0.00369931870024687,1.83536824421427,0.0107508429700289,1.72595505097176,0.0100147156315038
3,240,2.04285,1.94943,1.82515,1.71092,76,2.07146870971371,-0.0138156611198179,1.96697629373856,-0.00892043986214741,1.82788617666992,-0.00149690757818632,1.71964665629721,-0.00507467988569077
3,243,2.07678,1.95542,1.82545,1.72336,77,2.06142295036195,0.00744973254292813,1.9581340016391,-0.00138601425480911,1.82058267764406,0.00267349701593322,1.71348591232239,0.00576257301364413
3,246,2.03747,1.93231,1.8071,1.70705,78,2.05162300985537,-0.00689844566344888,1.94950462674164,-0.0088199979142265,1.81345101843571,-0.00350217258207874,1.70746734050628,-0.000244420784149657
3,249,2.03893,1.94435,1.82191,1.71407,79,2.04205946397151,-0.00153250384071779,1.94108010957736,0.00168457262866628,1.80648481266561,0.00853878605911196,1.70158573739623,0.00733684017760772
3,252,2.03689,1.93649,1.81261,1.70341,80,2.03272337420847,0.00204977511666993,1.93285280157732,0.00188177724641747,1.79967799451009,0.00718573296409852,1.6958361573373,0.00446614057020245
3,255,2.03514,1.91724,1.79451,1.69067,81,2.02360625658804,0.00569959861233538,1.9248154389329,-0.00393567028800224,1.79302479858669,0.00082832173569769,1.69021389648183,0.000269849584785931
3,258,1.98809,1.9144,1.78451,1.68651,82,2.01470005283911,-0.0132079476553413,1.9169611184341,-0.00133603045438624,1.7865197413451,-0.00112494773977834,1.68471447798202,0.00106577229640026
3,261,2.02253,1.90914,1.77778,1.68316,83,2.00599710376626,0.00824173484732538,1.90928327512153,-7.50413117848181e-05,1.78015760383648,-0.00133561423514206,1.67933363826832,0.00227850002196717
3,264,2.02757,1.91281,1.78344,1.67704,84,1.99749012459441,0.0150588356033527,1.9017756615877,0.00580212410705228,1.77393341573846,0.00535904232774564,1.67406731431794,0.00177572649357138
3,267,2.02651,1.88921,1.77106,1.66516,85,1.98917218213309,0.0187705308782606,1.89443232878488,-0.00275667212047004,1.76784244053312,0.00182004877420749,1.66891163183286,-0.0022479511564889
3,270,1.95817,1.87467,1.75552,1.66002,86,1.98103667359923,-0.0115427815668286,1.88724760822562,-0.00666452466056944,1.76188016174084,-0.00360987193053675,1.66386289425065,-0.00230962194296869
3,273,1.9776,1.8818,1.7526,1.66081,87,1.97307730696439,0.00229220265199293,1.88021609544438,0.000842405593406648,1.75604227012188,-0.00196024331557676,1.65891757252159,0.00114076040289857
3,276,1.95401,1.87598,1.74384,1.65637,88,1.96528808269356,-0.00573864096204424,1.87333263462463,0.00141318489115849,1.75032465176878,-0.00370482799418004,1.65407229558852,0.00138911970027467
3,279,1.92887,1.84814,1.73968,1.64711,89,1.9576632767593,-0.0147079822669841,1.866592304295,-0.00988555682595404,1.7447233770153,-0.00289064563571395,1.64932384151433,-0.00134227218367033
3,282,1.9481,1.87314,1.73638,1.64302,90,1.95019742484169,-0.00107549359617298,1.85999040400429,0.00706971174012661,1.73923469009915,-0.00164134841341423,1.64466912920576,-0.00100271183819101
3,285,1.92661,1.83953,1.7244,1.63131,91,1.94288530760503,-0.00837687512553043,1.85352244190887,-0.00754910843942114,1.73385499951833,-0.00545316622264225,1.6401052106879,-0.00536258932084954
3,288,1.92625,1.84636,1.72,1.63146,92,1.93572193696696,-0.00489323222828453,1.84718412318489,-0.000446151076413659,1.72858086902664,-0.00496411199521707,1.63562926388431,-0.00254902744550267
3,291,1.89479,1.82415,1.70946,1.62884,93,1.92870254329356,-0.0175830863144131,1.84097133921471,-0.00913720863350409,1.72340900921973,-0.00809384722089024,1.63123858586776,-0.00147040775551521
3,294,1.9335,1.84493,1.72992,1.63836,94,1.92182256343963,0.00607623033599269,1.83488015748219,0.00547711112185234,1.71833626966798,0.00674124764546491,1.62693058654384,0.00702513896456058
3,297,1.90327,1.83565,1.71966,1.62458,95,1.91507762956405,-0.00616561406272431,1.82890681211954,0.00368700462799487,1.71335963155155,0.00367720140735828,1.62270278273501,0.00115684602563193
3,300,1.88174,1.80951,1.7067,1.61882,96,1.90846355867663,-0.014002655987394,1.82304769506498,-0.00742585896223769,1.70847620076442,-0.00103964033190584,1.61855279263716,0.000165090297985282
3,303,1.8926,1.81627,1.70932,1.61391,97,1.90197634284812,-0.0049297894179281,1.81729934777907,-0.000566416193526487,1.70368320145002,0.00330859548605433,1.61447833061998,-0.000352021212799869
3,306,1.91331,1.8402,1.71462,1.62313,98,1.89561214004617,0.00933622420955782,1.81165845348328,0.0157543749274838,1.69897796993901,0.00920672918528176,1.61047720234773,0.00785655185545009
3,309,1.88809,1.80459,1.6906,1.6083,99,1.88936726553814,-0.000676028192842293,1.80612182987807,-0.000848132087620579,1.69435794905836,-0.00221791921857095,1.60654730019604,0.00109097304744776
3,312,1.91894,1.82301,1.69644,1.60881,100,1.88323818382616,0.018957674329491,1.80068642230922,0.0123972599638689,1.68982068278582,0.00391717137895586,1.60268659894436,0.00382071021225783
3,315,1.86693,1.78843,1.68512,1.59692,101,1.87722150108735,-0.00548230514161119,1.79534929735153,-0.0038540117857484,1.68536381122821,-0.00014466385630274,1.59889315172656,-0.00123407353669924
3,318,1.8678,1.78172,1.67414,1.5879,102,1.87131395805168,-0.00187780251227276,1.79010763677275,-0.00468554884658612,1.68098506589407,-0.00407205633943519,1.59516508621754,-0.00455444159373508
3,321,1.83526,1.76904,1.65934,1.57922,103,1.86551242333196,-0.0162166828553852,1.78495873186647,-0.00891826325296785,1.67668226524996,-0.0103432031276215,1.59150060104532,-0.00771636594875169
3,324,1.86045,1.77303,1.67089,1.58502,104,1.85981388713165,0.000342030389574699,1.77989997811059,-0.00385975515201675,1.67245331053198,-0.000934740911529341,1.5878979624083,-0.00181243535569475
3,327,1.84628,1.7707,1.66651,1.57459,105,1.85421545532746,-0.00427968352041497,1.77492887014053,-0.0023825575276103,1.6682961818001,-0.00107066228382535,1.58435550088656,-0.00616370560842983
3,330,1.84698,1.76716,1.66086,1.57936,106,1.84871434390318,-0.000938135147216523,1.77004299701446,-0.00162877230627612,1.66420893421897,-0.00201232798966078,1.58087160843422,-0.000956186717601781
3,333,1.84982,1.77736,1.66342,1.58098,107,1.84330787369245,0.00353284787663166,1.7652400377459,0.00686590038461565,1.66018969454746,0.00194574479238585,1.57744473553973,0.00224113363886724
3,336,1.84079,1.76657,1.65427,1.57319,108,1.83799346543418,0.00152151496640807,1.76051775709376,0.00343776305683319,1.65623665782684,-0.00118742561188345,1.57407338854394,-0.000561211789978699
3,339,1.83221,1.76335,1.65412,1.57276,109,1.83276863509741,-0.000304803937995146,1.75587400158412,0.00425770779061208,1.65234808425087,0.00107236227404073,1.57075612710674,0.00127573775373313
3,342,1.83892,1.75739,1.64991,1.57024,110,1.82763098947494,0.00617685440336002,1.75130669575675,0.00347358018900579,1.64852229620955,0.000841786485774376,1.56749156181019,0.0017533990337022
3,345,1.83075,1.75219,1.6399,1.55958,111,1.82257822201261,0.00448363636122551,1.74681383861385,0.00307769566928506,1.6447576754919,-0.0029534292888771,1.56427835189143,-0.00300352676091908
3,348,1.81229,1.74158,1.64097,1.56733,112,1.81760810888121,-0.00292588311816155,1.74239350026902,-0.000466886652696119,1.64105266064254,-5.03704996904775e-05,1.56111520309786,0.00398099825676423
3,351,1.81181,1.74489,1.64322,1.55593,113,1.81271850524465,-0.000501183852885001,1.73804381876827,0.00393901532159302,1.63740574445552,0.00355089480061355,1.55800086565399,-0.00132918132437587
3,354,1.8292,1.74135,1.63256,1.56034,114,1.80790734174836,0.011777516336126,1.73376299709114,0.00437603231905936,1.63381547160542,-0.000768429254856651,1.55493413233709,0.00347658949050378
3,357,1.78383,1.71934,1.62637,1.5465,115,1.80317262117792,-0.0107269936060174,1.72954930030224,-0.00590286746984203,1.63028043639864,-0.00239862805891122,1.5519138366513,-0.00348849048409905
3,360,1.79358,1.723,1.63367,1.55503,116,1.79851241530529,-0.00274249722343833,1.72540105285658,-0.00139159116229959,1.62679928064404,0.00422345856535999,1.54893885109654,0.00393246570008388
3,363,1.7927,1.72257,1.62889,1.55937,117,1.79392486189793,-0.00068278327813498,1.72131663604652,0.000728142589942138,1.62337069163275,0.00339990637732646,1.54600808552594,0.00864284902463219
3,366,1.79293,1.72615,1.6258,1.54487,118,1.78942619699509,0.00195805952254036,1.71729448557475,0.00515666619769184,1.61999340022039,0.00358433545397308,1.54312048558577,0.0011337510133349
3,369,1.76958,1.70027,1.60591,1.53117,119,1.78496391920922,-0.0086186163449351,1.71333308925922,-0.00762437224910462,1.61666617900769,-0.00665330860963131,1.54027503123475,-0.00591130223506375
3,372,1.79252,1.71629,1.61953,1.54417,120,1.78056946522155,0.00671163636795336,1.70943098484673,0.00401245514681503,1.61338784061061,0.00380699496722658,1.53747073533576,0.00435732824714674
3,375,1.81927,1.72408,1.61547,1.53719,121,1.7762411988959,0.0242246385968574,1.70560477735413,0.010832065488541,1.61015723601945,0.00329953116484982,1.53470847108871,0.00161693830329468
3,378,1.76593,1.69941,1.59946,1.52379,122,1.77197753762121,-0.00341287487725606,1.70180968059303,-0.00141007576839702,1.60697325303474,-0.0046754064017861,1.53198178726771,-0.0053471831948626
3,381,1.74587,1.69381,1.60378,1.53124,123,1.76782858840217,-0.0124212203299726,1.69806995951208,-0.00250870671624293,1.60383481478295,-3.41773245270405e-05,1.52929353771739,0.00127278526627084
3,384,1.72863,1.68177,1.59567,1.52698,124,1.7637024427155,-0.0198856915237374,1.69438432661613,-0.00744478476221833,1.60075408220825,-0.00317605450128744,1.52664285248985,0.000220842425325163
3,387,1.76532,1.68662,1.59751,1.52219,125,1.75963611569133,0.00323014756175355,1.69076190490866,-0.00244972689332501,1.59770034164172,-0.000119134756852435,1.52402888852756,-0.00120659689682057
3,390,1.76299,1.68598,1.59239,1.52555,126,1.75562822725557,0.00419324127405929,1.68718739205076,-0.000715624154404737,1.59468920049155,-0.00144178595480926,1.52145782979399,0.00268963761326724
3,393,1.74373,1.67312,1.59405,1.5184,127,1.75167744061277,-0.00453704570745306,1.68366317154182,-0.00626204321625845,1.59171970718205,0.00146400952845727,1.51891650190357,-0.000340046278331285
3,396,1.74883,1.68698,1.59215,1.5195,128,1.74778246052643,0.000599353464876939,1.68018811391159,0.00404233670752241,1.58879093912142,0.00211422459423005,1.51640947219223,0.00203805625356934
3,399,1.73221,1.66053,1.58296,1.51362,129,1.74394203170665,-0.00672730600750771,1.67676112422666,-0.00968004565000269,1.58590442846518,-0.0018566241523319,1.51393599656961,-0.000208725184107306
3,402,1.74957,1.68547,1.5888,1.51761,130,1.74015493725464,0.00541047382838911,1.67338114075832,0.00722421147653374,1.58305733780093,0.00362757688047588,1.51149535301139,0.00404542890352411
3,405,1.7248,1.64861,1.57175,1.50659,131,1.73641999718755,-0.00669192776308425,1.67004713371614,-0.0128362447282779,1.58024829236452,-0.00537782094470929,1.50908684073337,-0.00165453747655209
3,408,1.73592,1.6756,1.58355,1.50925,132,1.73273606702439,0.00183751757477801,1.66675810403468,0.00530484654246943,1.57747647702372,0.00385015121603227,1.50670977940233,0.00168593887979718
3,411,1.7392,1.66549,1.58445,1.51022,133,1.72910203645603,0.00584000442487587,1.66351308222741,0.00118839929406467,1.57474110048791,0.00616539411404404,1.50436350838372,0.00389300297676698
3,414,1.73496,1.66804,1.58299,1.50605,134,1.72551682804793,0.00547266291384241,1.66031112727513,0.00465507494221962,1.57204139442612,0.00696457842185327,1.50204738602076,0.00266477210805083
3,417,1.72547,1.67482,1.57306,1.50107,135,1.72197939601811,0.00202708812309749,1.65715132557629,0.0106620766317538,1.56937661262714,0.00234703852677853,1.49976078894559,0.000872946581919498
3,420,1.71742,1.64814,1.56584,1.49555,136,1.7184887250734,-0.000621898216618288,1.65403278994301,-0.00356268024360562,1.56674603019781,-0.000578287852880499,1.49750311142211,-0.00130424531822904
3,423,1.72451,1.65566,1.56559,1.49954,137,1.71504382928253,0.0055194920128856,1.65095465863526,0.00285007304114893,1.56414894279287,0.000921304338544982,1.49527376471511,0.00285314661807612
3,426,1.70362,1.65171,1.5637,1.50107,138,1.71164375101271,-0.00468774592140875,1.64791609444412,0.00230224437316084,1.56158466588161,0.00135460738351689,1.49307217648834,0.00535662216308519
3,429,1.72309,1.66769,1.5638,1.48776,139,1.70828755990462,0.00866507515643811,1.64491628380988,0.0138449089563208,1.55905253404339,0.00304509684756749,1.49089779022705,-0.00210463134871919
3,432,1.7115,1.64646,1.56569,1.49304,140,1.70497435189759,0.00382741716621271,1.64195443598258,0.0027440249976991,1.55655190029584,0.00587073241979241,1.48875006468601,0.00288156851559429
3,435,1.74599,1.65926,1.56501,1.48774,141,1.70170324828638,0.0260249557366796,1.63902978221173,0.0123428006054738,1.55408213544789,0.00703171621553755,1.48662847335912,0.000747682868182054
3,438,1.69556,1.63417,1.54519,1.48245,142,1.69847339483613,-0.00171530201473202,1.63614157498059,-0.00120501490258662,1.55164262748503,-0.0041585783805711,1.48453250397373,-0.00140280119711778
3,441,1.66889,1.61786,1.54019,1.47859,143,1.6952839609166,-0.0155690500972655,1.63328908726309,-0.00944663586098249,1.54923278097561,-0.00583694141168167,1.48246165800337,-0.00261164124040825
3,444,1.6882,1.63401,1.54503,1.48011,144,1.69213413867952,-0.00232495674521105,1.63047161181477,0.00217016239939016,1.54685201650319,-0.00117788675564978,1.48041545020161,-0.000206327353290736
3,447,1.67269,1.62511,1.5512,1.47486,145,1.68902314227845,-0.00967017080441734,1.62768846049771,-0.00158412408780184,1.54449977012492,0.00433812293448321,1.47839340815555,-0.00239003240684199
3,450,1.68525,1.62996,1.55075,1.47817,146,1.68595020710838,-0.0004153189729037,1.62493896362768,0.00308998459924092,1.54217549284797,0.00556000739980211,1.47639507185649,0.00120220405590987
3,453,1.6727,1.60762,1.53825,1.47276,147,1.68291458908361,-0.00606958258599233,1.62222246934958,-0.0090015208305132,1.53987865012947,-0.00105764836036626,1.47441999328808,-0.00112586189528019
3,456,1.67893,1.61782,1.53859,1.47861,148,1.67991556394686,-0.000586674692474087,1.61953834304096,-0.00106100793991337,1.53760872139701,0.000638184857653989,1.47246773603154,0.00417140818651252
3,459,1.68309,1.62561,1.54669,1.47538,149,1.67695242659713,0.00365995677964537,1.61688596673444,0.00539557732892204,1.53536519958626,0.00737596528617179,1.47053787488543,0.00329275783865834
3,462,1.66209,1.60871,1.53179,1.46645,150,1.67402449045707,-0.00712922094336643,1.61426473856871,-0.00344103320600975,1.53625356415792,-0.0029054866084961,1.46862999550167,-0.00148437353747866
3,465,1.67046,1.60979,1.53302,1.46562,151,1.67113108685916,-0.000401576431937833,1.61167407225944,-0.00116901567871142,1.5309554133793,0.00134856090690927,1.4667436940354,-0.00076611478881361
3,468,1.68059,1.60353,1.5229,1.45222,152,1.66827156445057,0.00738395103766698,1.60911339658678,-0.00346985899106189,1.52878819850077,-0.00385154628126028,1.46487857680704,-0.00864138298385975
3,471,1.66843,1.61575,1.5229,1.46069,153,1.66544528863683,0.00179214014626328,1.60658215491226,0.00570642780993946,1.52664548877851,-0.00245341096282248,1.46303425998063,-0.00160232746748179
3,474,1.67415,1.6193,1.52907,1.45987,154,1.66265164103258,0.00691567534873183,1.60407980470543,0.00948842772654945,1.52452683838899,0.00298004698678289,1.46121036925096,-0.000917300670163712
3,477,1.6776,1.60952,1.5351,1.46368,155,1.65989001893933,0.0106693701742859,1.60160581709307,0.00494140494650108,1.52243181260725,0.00832102120294964,1.45940653954465,0.00292821797049281
3,480,1.64324,1.58909,1.5163,1.45398,156,1.6571598348487,-0.00839981428223058,1.59915967642791,-0.00629685488968823,1.52035998745903,-0.00267041193698647,1.45762241473269,-0.00249887398538562
3,483,1.64706,1.59923,1.52781,1.45833,157,1.65446051595475,-0.00447306894506005,1.59674087986816,0.00155887543384026,1.51831094938351,0.00625632754631034,1.45585764735257,0.00169821043418938
3,486,1.65882,1.59599,1.5166,1.45998,158,1.65179150368775,0.00425507474554787,1.59434893697551,0.00102929978904132,1.51628429490961,0.000208209694879447,1.45411189834124,0.00403552275822694
3,489,1.6456,1.5972,1.51888,1.45598,159,1.64915225328014,-0.00215398746420803,1.591983369335,0.00327681228678589,1.51427963034771,0.00303799216478562,1.45238483677958,0.00247535166257284
3,492,1.65014,1.58744,1.51182,1.45408,160,1.64654223331911,0.00218504366792649,1.58964371017368,-0.00138629188388062,1.51229657148596,-0.000315130970301114,1.45067613964297,0.00234639576953666
3,495,1.65808,1.60284,1.52055,1.45441,161,NA,NA,NA,NA,NA,NA,NA,NA
3,498,1.62858,1.5714,1.5018,1.44644,162,NA,NA,NA,NA,NA,NA,NA,NA
3,501,1.63543,1.57789,1.4991,1.44206,163,NA,NA,NA,NA,NA,NA,NA,NA
3,504,1.6396,1.57999,1.50968,1.45168,164,NA,NA,NA,NA,NA,NA,NA,NA
3,507,1.62829,1.57198,1.49316,1.43472,165,NA,NA,NA,NA,NA,NA,NA,NA
3,510,1.62799,1.57184,1.49489,1.43985,166,NA,NA,NA,NA,NA,NA,NA,NA
3,513,1.643,1.57733,1.5018,1.43992,167,NA,NA,NA,NA,NA,NA,NA,NA
3,516,1.62057,1.569,1.49334,1.43953,168,NA,NA,NA,NA,NA,NA,NA,NA
3,519,1.62336,1.57007,1.4946,1.43515,169,NA,NA,NA,NA,NA,NA,NA,NA
3,522,1.62407,1.56892,1.491,1.43571,170,NA,NA,NA,NA,NA,NA,NA,NA
3,525,1.62566,1.57088,1.48978,1.43096,171,NA,NA,NA,NA,NA,NA,NA,NA
3,528,1.61426,1.56687,1.48745,1.42752,172,NA,NA,NA,NA,NA,NA,NA,NA
3,531,1.61171,1.5649,1.49098,1.4328,173,NA,NA,NA,NA,NA,NA,NA,NA
3,534,1.59687,1.55653,1.47977,1.42458,174,NA,NA,NA,NA,NA,NA,NA,NA
3,537,1.60929,1.56135,1.48807,1.4285,175,NA,NA,NA,NA,NA,NA,NA,NA
3,540,1.59401,1.54886,1.4764,1.42435,176,NA,NA,NA,NA,NA,NA,NA,NA
3,543,1.60586,1.55428,1.48388,1.42135,177,NA,NA,NA,NA,NA,NA,NA,NA
3,546,1.62395,1.56762,1.48914,1.43172,178,NA,NA,NA,NA,NA,NA,NA,NA
3,549,1.59049,1.55223,1.48351,1.42578,179,NA,NA,NA,NA,NA,NA,NA,NA
3,552,1.60038,1.55047,1.47891,1.42716,180,NA,NA,NA,NA,NA,NA,NA,NA
3,555,1.60106,1.56561,1.48228,1.42042,181,NA,NA,NA,NA,NA,NA,NA,NA
3,558,1.58485,1.52745,1.46089,1.40925,182,NA,NA,NA,NA,NA,NA,NA,NA
3,561,1.58861,1.54321,1.47826,1.42035,183,NA,NA,NA,NA,NA,NA,NA,NA
3,564,1.59487,1.55499,1.47582,1.41708,184,NA,NA,NA,NA,NA,NA,NA,NA
3,567,1.59615,1.52567,1.46293,1.40578,185,NA,NA,NA,NA,NA,NA,NA,NA
3,570,1.58434,1.53401,1.4623,1.40949,186,NA,NA,NA,NA,NA,NA,NA,NA
3,573,1.58484,1.52964,1.46489,1.40655,187,NA,NA,NA,NA,NA,NA,NA,NA
3,576,1.57367,1.52938,1.4583,1.40572,188,NA,NA,NA,NA,NA,NA,NA,NA
3,579,1.57997,1.52629,1.4661,1.41526,189,NA,NA,NA,NA,NA,NA,NA,NA
3,582,1.58851,1.53399,1.46594,1.41389,190,NA,NA,NA,NA,NA,NA,NA,NA
3,585,1.55775,1.51613,1.45693,1.40463,191,NA,NA,NA,NA,NA,NA,NA,NA
3,588,1.56816,1.5203,1.45892,1.40355,192,NA,NA,NA,NA,NA,NA,NA,NA
3,591,1.57543,1.53368,1.46452,1.40477,193,NA,NA,NA,NA,NA,NA,NA,NA
3,594,1.56466,1.51834,1.45044,1.39438,194,NA,NA,NA,NA,NA,NA,NA,NA
3,597,1.54969,1.51202,1.44964,1.39875,195,NA,NA,NA,NA,NA,NA,NA,NA
3,600,1.56544,1.51819,1.45381,1.39125,196,NA,NA,NA,NA,NA,NA,NA,NA
