"m","p","nu","nu_ols_check","nu_star","ratio","zero_frac"
5,1,3,2.99858751286205,1.73621861433651,0.57873953811217,0
6,1,4,4.01989980828728,2.63403641953105,0.658509104882762,0
7,1,5,4.93684081139523,3.51904336016791,0.703808672033583,0
8,1,6,6.11013710366798,4.58012619774901,0.763354366291501,0
9,1,7,6.94423228888463,5.38954401035281,0.76993485862183,0
10,1,8,8.04602853981002,6.38539633834753,0.798174542293441,0
12,1,10,10.0023551629212,8.44254526156025,0.844254526156025,0
15,1,13,13.1264923809828,9.77069924818663,0.75159224986051,0
20,1,18,18.0141485328859,14.4942227610431,0.805234597835726,0
25,1,23,22.8923943092154,17.4546895514899,0.758899545716952,0
30,1,28,27.6973486013897,22.2029874966824,0.792963839167229,0
40,1,38,37.4204726799916,29.8431363450813,0.785345693291612,0
50,1,48,47.191557939887,37.6599053394739,0.78458136123904,0
70,1,68,69.3585354450875,55.1693934264599,0.811314609212646,0
100,1,98,97.7379100563814,76.8438910196746,0.784121336935455,0
150,1,148,145.715389719003,114.903113683102,0.776372389750686,0
200,1,198,199.350348080415,155.283967254277,0.784262460880185,0
7,2,4,4.06628557686918,2.66279607521107,0.665699018802768,0
8,2,5,4.99489236121452,3.55198442671638,0.710396885343276,0
9,2,6,6.03541151042771,4.43545968479814,0.73924328079969,0
10,2,7,6.89674538630141,5.43416620091206,0.776309457273151,0
12,2,9,8.83077341041771,7.29142683755926,0.810158537506585,0
15,2,12,11.8236436538229,8.71816429769916,0.72651369147493,0
20,2,17,17.2006590082141,13.6274484988334,0.801614617578438,0
25,2,22,21.8466277166651,16.7070957251771,0.759413442053506,0
30,2,27,27.1033684548562,21.5319147825204,0.797478325278533,0
40,2,37,37.0204752387582,29.3952049586923,0.794464998883575,0
50,2,47,47.2826959227251,37.546304941618,0.79885755194932,0
70,2,67,66.6121036010349,52.8820159752806,0.789283820526576,0
100,2,97,97.5031241076611,76.7197086554622,0.79092483149961,0
150,2,147,144.860376186951,114.49330601295,0.778866027298981,0
200,2,197,198.44988590811,156.142377750429,0.792600902286444,0
9,3,5,4.99656600389705,3.53747782701096,0.707495565402192,0
10,3,6,5.97446489244668,4.4399223100862,0.739987051681033,0
12,3,8,8.01055247245335,6.36689612877241,0.795862016096552,0
15,3,11,10.9530558206264,9.26292083751623,0.842083712501476,0
20,3,16,16.215636022745,12.5071842741108,0.781699017131926,0
25,3,21,21.0685397189362,17.4755302507702,0.832168107179533,0
30,3,26,26.3255328858542,20.936737568001,0.80525913723081,0
40,3,36,35.9805782748197,28.5235137918336,0.792319827550932,0
50,3,46,45.7821823954508,35.9315432893266,0.781120506289709,0
70,3,66,66.1025330002469,51.6225692369951,0.782160139954471,0
100,3,96,96.8903461403308,75.6172585121278,0.787679776167998,0
150,3,146,143.900634787844,113.239535525749,0.77561325702568,0
200,3,196,195.927006369181,153.83804759067,0.784887997911582,0
