"g","n","cont","KaH3","KaHrobust","GQ","BP","White","MGQ","WhiteLTS","WK"
0,60,FALSE,0.054,0.054,0.051,0.052,0.04,0.186,0.038,0.036
0.1,60,FALSE,0.116,0.08,0.151,0.175,0.117,0.262,0.067,0.071
0.2,60,FALSE,0.375,0.209,0.483,0.502,0.365,0.453,0.216,0.222
0.3,60,FALSE,0.711,0.418,0.792,0.789,0.651,0.689,0.401,0.453
0.4,60,FALSE,0.934,0.715,0.969,0.958,0.864,0.868,0.599,0.664
0.55,60,FALSE,0.994,0.932,0.997,0.994,0.971,0.974,0.791,0.882
0.7,60,FALSE,1,0.997,1,1,0.984,0.998,0.886,0.965
0,150,FALSE,0.04,0.042,0.043,0.048,0.056,0.213,0.05,0.033
0.1,150,FALSE,0.269,0.193,0.345,0.371,0.283,0.418,0.175,0.175
0.2,150,FALSE,0.794,0.58,0.863,0.889,0.815,0.771,0.545,0.568
0.3,150,FALSE,0.99,0.905,0.995,0.998,0.99,0.944,0.869,0.873
0.4,150,FALSE,1,0.994,1,1,1,0.995,0.976,0.977
0.55,150,FALSE,1,1,1,1,1,1,1,1
0.7,150,FALSE,1,1,1,1,1,1,1,1
0,60,TRUE,0.757,0.072,0.52,0.043,0.05,0.173,0.04,0.016
0.1,60,TRUE,0.772,0.116,0.54,0.05,0.046,0.266,0.073,0.026
0.2,60,TRUE,0.772,0.252,0.549,0.057,0.073,0.494,0.211,0.133
0.3,60,TRUE,0.754,0.461,0.523,0.062,0.065,0.699,0.392,0.26
0.4,60,TRUE,0.708,0.69,0.524,0.11,0.094,0.846,0.545,0.426
0.55,60,TRUE,0.738,0.903,0.554,0.13,0.138,0.963,0.763,0.675
0.7,60,TRUE,0.765,0.988,0.555,0.214,0.189,0.994,0.829,0.841
0,150,TRUE,0.758,0.061,0.544,0.044,0.051,0.206,0.043,0.028
0.1,150,TRUE,0.772,0.176,0.546,0.046,0.049,0.394,0.171,0.133
0.2,150,TRUE,0.746,0.549,0.541,0.054,0.048,0.749,0.568,0.46
0.3,150,TRUE,0.764,0.874,0.547,0.07,0.061,0.931,0.867,0.794
0.4,150,TRUE,0.766,0.987,0.566,0.082,0.08,0.997,0.969,0.937
0.55,150,TRUE,0.745,1,0.561,0.143,0.144,1,0.999,0.999
0.7,150,TRUE,0.804,1,0.659,0.267,0.247,1,1,0.999
