"n","p","scenario","KaH3","V2_a75","RGQ_D","RGQ_D_1s","RGQ_x","RGQ_mean_outliers","RGQ_failed"
30,1,"H0_clean",0.043,0.043,0.85,0.899,0.034,0.689,0
60,1,"H0_clean",0.044,0.049,0.965,0.972,0.039,0.653,0
150,1,"H0_clean",0.036,0.05,0.999,1,0.043,0.136,0
90,2,"H0_clean",0.046,0.06,0.995,0.996,0.049,0.059,0
30,1,"H0_outliers",0.681,0.094,0.866,0.901,0.169,1.93,0
60,1,"H0_outliers",0.768,0.083,0.986,0.99,0.124,3.46,0
150,1,"H0_outliers",0.753,0.07,0.999,1,0.166,7.268,0
90,2,"H0_outliers",0.759,0.083,0.998,0.999,0.295,3.002,0
30,1,"H0_t5",0.131,0.057,0.921,0.949,0.087,0.978,0
60,1,"H0_t5",0.194,0.069,0.983,0.985,0.089,1.31,0
150,1,"H0_t5",0.266,0.073,1,1,0.11,0.977,0
90,2,"H0_t5",0.228,0.073,0.999,1,0.142,0.267,0
30,1,"H1_clean",0.426,0.259,0.913,0.938,0.373,1.121,0
60,1,"H1_clean",0.811,0.552,0.984,0.991,0.646,1.639,0
150,1,"H1_clean",0.999,0.968,1,1,0.981,1.826,0
90,2,"H1_clean",0.959,0.816,0.999,0.999,0.946,0.343,0
30,1,"H1_outliers",0.707,0.303,0.914,0.942,0.323,2.414,0
60,1,"H1_outliers",0.747,0.546,0.982,0.985,0.518,4.707,0
150,1,"H1_outliers",0.773,0.957,1,1,0.878,9.57,0
90,2,"H1_outliers",0.733,0.734,1,1,0.606,3.904,0
