"set","h1","outl","n","KaHrobust","KaH3","White","WhiteLTS","BP","WK"
"B",FALSE,FALSE,45,4,3.5,3,1.1,3.4,NA
"B",FALSE,FALSE,90,3.7,4.9,4.6,3.2,3.7,NA
"B",FALSE,FALSE,150,5.5,5.7,6,5,5.5,NA
"B",TRUE,FALSE,45,31.6,54.2,18.2,4.7,36.7,NA
"B",TRUE,FALSE,90,79.9,94.6,50.7,23.2,85.4,NA
"B",TRUE,FALSE,150,97.4,99.8,82.7,54.7,99,NA
"B",FALSE,TRUE,45,9.8,67.7,9.2,2.6,3.9,NA
"B",FALSE,TRUE,90,9.9,76.2,11.2,4.4,3.4,NA
"B",FALSE,TRUE,150,7,75.7,7.2,3.7,3.9,NA
"B",TRUE,TRUE,45,31.9,68.6,8.9,6.5,4.3,NA
"B",TRUE,TRUE,90,72.9,74.5,8.8,20.1,4.3,NA
"B",TRUE,TRUE,150,92.8,73.6,7.9,52.9,3.9,NA
"C",FALSE,FALSE,45,4.7,5.6,4.6,4.6,4.9,3.3
"C",FALSE,FALSE,90,5.3,5,4.4,4.4,4.1,3.5
"C",FALSE,FALSE,150,4.8,5.8,4.8,3.9,4.8,3.6
"C",TRUE,FALSE,45,47.6,68.6,3.9,2.8,5.2,2.4
"C",TRUE,FALSE,90,82.7,96.6,4.8,3.7,5,2.4
"C",TRUE,FALSE,150,97.2,99.7,5.6,4.6,5.3,4.4
"C",FALSE,TRUE,45,7.4,76.2,5.6,2.6,4,0.9
"C",FALSE,TRUE,90,6.6,73.1,5.1,3.8,4.2,2.6
"C",FALSE,TRUE,150,8.4,76,4.3,4.4,3.5,2.6
"C",TRUE,TRUE,45,45.6,76.9,5.6,3.8,5,1.1
"C",TRUE,TRUE,90,79,77.6,3.5,4.5,3.5,2.5
"C",TRUE,TRUE,150,95,73.1,4.3,4.6,4,3.1
"D",FALSE,FALSE,45,5.6,16.9,100,3.5,99.5,5.9
"D",FALSE,FALSE,90,9,28.9,100,4.4,100,12.7
"D",FALSE,FALSE,150,18.6,46.8,100,4.1,100,51.1
"D",TRUE,FALSE,45,59.5,84.9,100,36.9,100,65.6
"D",TRUE,FALSE,90,91.2,98.9,100,79.5,100,93.9
"D",TRUE,FALSE,150,99,99.9,100,96.5,100,99.9
