"shape","outl","n","KaH3","KaHrobust","GQ","BAMSET","BP","White","EvansKing","MGQ","WhiteLTS","WK"
"none","none",30,0.049,0.051,0.041,0.058,0.039,0.037,0.043,0.138,0.024,0.025
"none","none",60,0.053,0.052,0.044,0.054,0.047,0.041,0.055,0.187,0.036,0.035
"none","none",150,0.053,0.045,0.052,0.053,0.058,0.046,0.057,0.22,0.03,0.039
"none","centre",30,0.653,0.46,0.051,0.738,0,0.035,0.019,0.131,0.029,0
"none","centre",60,0.962,0.685,0.046,0.975,0,0.455,0.26,0.185,0.057,0.006
"none","centre",150,1,0.991,0.054,1,0,0.994,0.776,0.216,0.075,0.031
"none","random",30,0.264,0.115,0.211,0.298,0.063,0.047,0.152,0.16,0.041,0.023
"none","random",60,0.242,0.085,0.171,0.249,0.051,0.049,0.143,0.194,0.031,0.01
"none","random",150,0.215,0.084,0.172,0.232,0.055,0.043,0.136,0.237,0.054,0.028
"U","none",30,0.59,0.274,0.096,0.481,0.232,0.658,0.094,0.153,0.262,0.021
"U","none",60,0.925,0.588,0.123,0.886,0.222,0.927,0.056,0.198,0.61,0.033
"U","none",150,1,0.984,0.104,1,0.237,1,0.006,0.224,0.975,0.019
"U","centre",30,0.054,0.053,0.093,0.071,0.124,0.219,0.078,0.151,0.072,0.024
"U","centre",60,0.118,0.037,0.132,0.119,0.177,0.439,0.075,0.186,0.09,0.027
"U","centre",150,0.21,0.042,0.125,0.179,0.164,0.799,0.024,0.232,0.255,0.037
"U","random",30,0.343,0.25,0.094,0.313,0.179,0.439,0.081,0.177,0.177,0.025
"U","random",60,0.596,0.504,0.096,0.547,0.184,0.709,0.044,0.228,0.406,0.031
"U","random",150,0.943,0.946,0.113,0.938,0.196,0.985,0.019,0.246,0.84,0.031
"bulge","none",30,0.367,0.266,0.074,0.332,0.004,0.188,0.096,0.127,0.214,0.013
"bulge","none",60,0.734,0.585,0.106,0.724,0,0.757,0.259,0.214,0.676,0.023
"bulge","none",150,0.988,0.97,0.097,0.987,0,1,0.822,0.237,0.991,0.034
"bulge","centre",30,0.515,0.375,0.08,0.496,0.002,0.217,0.081,0.116,0.25,0.012
"bulge","centre",60,0.871,0.731,0.102,0.857,0.001,0.802,0.354,0.2,0.737,0.027
"bulge","centre",150,1,0.996,0.097,1,0.001,1,0.935,0.207,0.997,0.025
"bulge","random",30,0.276,0.208,0.083,0.253,0.006,0.117,0.086,0.148,0.143,0.015
"bulge","random",60,0.572,0.458,0.076,0.564,0.002,0.502,0.204,0.22,0.42,0.036
"bulge","random",150,0.952,0.908,0.092,0.95,0.005,0.988,0.566,0.256,0.916,0.052
"mono","none",30,0.421,0.273,0.539,0.403,0.535,0.355,0.736,0.472,0.156,0.262
"mono","none",60,0.827,0.543,0.896,0.792,0.884,0.739,0.965,0.77,0.455,0.545
"mono","none",150,1,0.974,1,1,0.999,0.998,1,0.984,0.958,0.952
"mono","centre",30,0.895,0.709,0.563,0.885,0.027,0.043,0.634,0.478,0.166,0.053
"mono","centre",60,0.999,0.943,0.904,0.999,0.097,0.41,0.999,0.78,0.554,0.389
"mono","centre",150,1,1,0.999,1,0.479,0.997,1,0.987,0.991,0.944
"mono","random",30,0.338,0.262,0.264,0.337,0.125,0.089,0.333,0.446,0.166,0.079
"mono","random",60,0.378,0.548,0.347,0.371,0.218,0.162,0.45,0.757,0.494,0.283
"mono","random",150,0.596,0.958,0.602,0.593,0.486,0.39,0.654,0.975,0.969,0.758
