"shape","outl","n","KaHrobust50","KaHrobust75"
"none","none",30,5.4,5
"none","none",60,3.9,4
"none","none",150,4.3,5.6
"none","centre",30,15.1,46.1
"none","centre",60,27,68.1
"none","centre",150,55,98.7
"none","random",30,6.4,9.9
"none","random",60,7,7.9
"none","random",150,7.5,7.8
"U","none",30,14.4,24.3
"U","none",60,40.9,60.5
"U","none",150,86.9,98.3
"U","centre",30,3.2,3
"U","centre",60,5.1,3.2
"U","centre",150,9.6,3.4
"U","random",30,14.6,23.3
"U","random",60,31.9,52.5
"U","random",150,80.2,94.9
"bulge","none",30,16.4,27.6
"bulge","none",60,40.8,58.3
"bulge","none",150,86.6,96.3
"bulge","centre",30,20.3,37.9
"bulge","centre",60,55.8,71.9
"bulge","centre",150,94.4,99.6
"bulge","random",30,13.9,21.2
"bulge","random",60,33.9,48.4
"bulge","random",150,79.4,92.8
"mono","none",30,15.6,25.8
"mono","none",60,37.9,55.1
"mono","none",150,85.6,97.6
"mono","centre",30,26.2,69.6
"mono","centre",60,63.8,94.6
"mono","centre",150,96.6,100
"mono","random",30,17.7,29.5
"mono","random",60,38.8,53.5
"mono","random",150,83.7,96.1
