"n","p","scenario","KaH3_dist","KaH3_table","V2_dist","V2_table","BP_Koenker"
30,1,"H0_clean",0.05075,0.04975,0.04675,0.04775,0.04325
60,1,"H0_clean",0.049,0.04575,0.04725,0.046,0.054
150,1,"H0_clean",0.0505,0.0485,0.04825,0.046,0.051
90,2,"H0_clean",0.05725,0.0545,0.05475,0.05275,0.052
30,1,"H0_outliers",0.69825,0.697,0.2605,0.26375,0.043
60,1,"H0_outliers",0.76775,0.75725,0.2825,0.277,0.04325
150,1,"H0_outliers",0.7535,0.75025,0.2075,0.204,0.03875
90,2,"H0_outliers",0.76025,0.7555,0.246,0.24075,0.0455
30,1,"H0_t5",0.14725,0.14525,0.0885,0.08975,0.04725
60,1,"H0_t5",0.2115,0.20025,0.09925,0.094,0.04475
150,1,"H0_t5",0.2715,0.2655,0.10175,0.09775,0.04675
90,2,"H0_t5",0.21875,0.21525,0.09525,0.0915,0.041
30,1,"H1_clean",0.428,0.4265,0.33075,0.33475,0.523
60,1,"H1_clean",0.836,0.8205,0.74175,0.73525,0.89125
150,1,"H1_clean",0.999,0.999,0.99375,0.99325,0.999
90,2,"H1_clean",0.96475,0.9625,0.91575,0.91025,0.9495
30,1,"H1_outliers",0.7105,0.709,0.4575,0.4615,0.07975
60,1,"H1_outliers",0.7455,0.7365,0.69875,0.69125,0.072
150,1,"H1_outliers",0.7495,0.74525,0.94375,0.94275,0.07825
90,2,"H1_outliers",0.74975,0.7465,0.82625,0.82175,0.05775
