"n","p","test","raw","adjusted","cell"
30,1,"KaH3",0.709,0.082,"n30_p1"
30,1,"V2_a75",0.306,0.198,"n30_p1"
30,1,"V2_a75_bs",0.074,0.225,"n30_p1"
30,1,"V2_a90",0.48,0.102,"n30_p1"
30,1,"GQ",0.515,0.107,"n30_p1"
30,1,"BP_Koenker",0.08,0.091,"n30_p1"
30,1,"White",0.077,0.061,"n30_p1"
30,1,"MGQ_Rana2008",0.473,0.279,"n30_p1"
30,1,"BRW_White",0.162,0.203,"n30_p1"
30,1,"WK_2006",0.07,0.266,"n30_p1"
30,1,"Zhou_2015",0.17,0.071,"n30_p1"
30,1,"EvansKing",0.461,0.115,"n30_p1"
30,1,"HMC",0.426,0.231,"n30_p1"
30,1,"BF_3parts",0.157,0.107,"n30_p1"
60,1,"KaH3",0.732,0.136,"n60_p1"
60,1,"V2_a75",0.554,0.451,"n60_p1"
60,1,"V2_a75_bs",0.304,0.489,"n60_p1"
60,1,"V2_a90",0.697,0.192,"n60_p1"
60,1,"GQ",0.55,0.099,"n60_p1"
60,1,"BP_Koenker",0.064,0.074,"n60_p1"
60,1,"White",0.075,0.076,"n60_p1"
60,1,"MGQ_Rana2008",0.774,0.501,"n60_p1"
60,1,"BRW_White",0.462,0.495,"n60_p1"
60,1,"WK_2006",0.367,0.509,"n60_p1"
60,1,"Zhou_2015",0.14,0.08,"n60_p1"
60,1,"EvansKing",0.439,0.115,"n60_p1"
60,1,"HMC",0.4,0.246,"n60_p1"
60,1,"BF_3parts",0.18,0.13,"n60_p1"
90,2,"KaH3",0.762,0.142,"n90_p2"
90,2,"V2_a75",0.754,0.678,"n90_p2"
90,2,"V2_a75_bs",0.498,0.684,"n90_p2"
90,2,"V2_a90",0.81,0.423,"n90_p2"
90,2,"GQ",0.553,0.092,"n90_p2"
90,2,"BP_Koenker",0.061,0.075,"n90_p2"
90,2,"White",0.075,0.065,"n90_p2"
90,2,"MGQ_Rana2008",0.876,0.681,"n90_p2"
90,2,"BRW_White",0.492,0.489,"n90_p2"
90,2,"WK_2006",0.589,0.697,"n90_p2"
90,2,"Zhou_2015",0.129,0.072,"n90_p2"
90,2,"EvansKing",0.483,0.122,"n90_p2"
90,2,"HMC",0.421,0.243,"n90_p2"
90,2,"BF_3parts",0.264,0.158,"n90_p2"
150,1,"KaH3",0.734,0.13,"n150_p1"
150,1,"V2_a75",0.959,0.942,"n150_p1"
150,1,"V2_a75_bs",0.885,0.927,"n150_p1"
150,1,"V2_a90",0.955,0.754,"n150_p1"
150,1,"GQ",0.525,0.062,"n150_p1"
150,1,"BP_Koenker",0.061,0.062,"n150_p1"
150,1,"White",0.062,0.081,"n150_p1"
150,1,"MGQ_Rana2008",0.981,0.891,"n150_p1"
150,1,"BRW_White",0.946,0.945,"n150_p1"
150,1,"WK_2006",0.913,0.944,"n150_p1"
150,1,"Zhou_2015",0.099,0.057,"n150_p1"
150,1,"EvansKing",0.443,0.12,"n150_p1"
150,1,"HMC",0.402,0.239,"n150_p1"
150,1,"BF_3parts",0.269,0.214,"n150_p1"
